-- phpMyAdmin SQL Dump
-- version 5.2.1
-- https://www.phpmyadmin.net/
--
-- Host: 127.0.0.1
-- Generation Time: Lis 24, 2025 at 05:14 PM
-- Wersja serwera: 10.4.32-MariaDB
-- Wersja PHP: 8.0.30

SET SQL_MODE = "NO_AUTO_VALUE_ON_ZERO";
START TRANSACTION;
SET time_zone = "+00:00";


/*!40101 SET @OLD_CHARACTER_SET_CLIENT=@@CHARACTER_SET_CLIENT */;
/*!40101 SET @OLD_CHARACTER_SET_RESULTS=@@CHARACTER_SET_RESULTS */;
/*!40101 SET @OLD_COLLATION_CONNECTION=@@COLLATION_CONNECTION */;
/*!40101 SET NAMES utf8mb4 */;

--
-- Database: `wismmartten`
--

-- --------------------------------------------------------

--
-- Struktura tabeli dla tabeli `gry`
--

CREATE TABLE `gry` (
  `id_gry` int(11) NOT NULL,
  `nazwa` varchar(100) NOT NULL,
  `producent` varchar(100) DEFAULT NULL,
  `popularnosc` int(11) DEFAULT 0
) ENGINE=InnoDB DEFAULT CHARSET=utf8mb4 COLLATE=utf8mb4_general_ci;

--
-- Dumping data for table `gry`
--

INSERT INTO `gry` (`id_gry`, `nazwa`, `producent`, `popularnosc`) VALUES
(1, 'Counter-Strike 2', 'Valve', 100),
(2, 'Valorant', 'Riot Games', 98),
(3, 'Fortnite', 'Epic Games', 95),
(4, 'Apex Legends', 'Respawn Entertainment', 93),
(5, 'PUBG', 'Krafton', 90),
(6, 'Call of Duty: Warzone', 'Activision', 89),
(7, 'League of Legends', 'Riot Games', 88),
(8, 'Dota 2', 'Valve', 85),
(9, 'Overwatch 2', 'Blizzard', 83),
(10, 'Rainbow Six Siege', 'Ubisoft', 82),
(11, 'Rust', 'Facepunch', 80),
(12, 'Team Fortress 2', 'Valve', 78),
(13, 'Escape from Tarkov', 'Battlestate Games', 76),
(14, 'Battlefield V', 'EA', 75),
(15, 'Palworld', 'Pocketpair', 73),
(16, 'The Finals', 'Embark Studios', 70),
(17, 'Destiny 2', 'Bungie', 68),
(18, 'Warframe', 'Digital Extremes', 67),
(19, 'GTA Online', 'Rockstar', 65),
(20, 'Minecraft', 'Mojang', 60),
(21, 'Counter-Strike 2', 'Valve', 100),
(22, 'Valorant', 'Riot Games', 98),
(23, 'Fortnite', 'Epic Games', 95),
(24, 'Apex Legends', 'Respawn Entertainment', 93),
(25, 'PUBG', 'Krafton', 90),
(26, 'Call of Duty: Warzone', 'Activision', 89),
(27, 'League of Legends', 'Riot Games', 88),
(28, 'Dota 2', 'Valve', 85),
(29, 'Overwatch 2', 'Blizzard', 83),
(30, 'Rainbow Six Siege', 'Ubisoft', 82),
(31, 'Rust', 'Facepunch', 80),
(32, 'Team Fortress 2', 'Valve', 78),
(33, 'Escape from Tarkov', 'Battlestate Games', 76),
(34, 'Battlefield V', 'EA', 75),
(35, 'Palworld', 'Pocketpair', 73),
(36, 'The Finals', 'Embark Studios', 70),
(37, 'Destiny 2', 'Bungie', 68),
(38, 'Warframe', 'Digital Extremes', 67),
(39, 'GTA Online', 'Rockstar', 65),
(40, 'Minecraft', 'Mojang', 60),
(41, 'Counter-Strike 2', 'Valve', 100),
(42, 'Valorant', 'Riot Games', 98),
(43, 'Fortnite', 'Epic Games', 95),
(44, 'Apex Legends', 'Respawn Entertainment', 93),
(45, 'PUBG', 'Krafton', 90),
(46, 'Call of Duty: Warzone', 'Activision', 89),
(47, 'League of Legends', 'Riot Games', 88),
(48, 'Dota 2', 'Valve', 85),
(49, 'Overwatch 2', 'Blizzard', 83),
(50, 'Rainbow Six Siege', 'Ubisoft', 82),
(51, 'Rust', 'Facepunch', 80),
(52, 'Team Fortress 2', 'Valve', 78),
(53, 'Escape from Tarkov', 'Battlestate Games', 76),
(54, 'Battlefield V', 'EA', 75),
(55, 'Palworld', 'Pocketpair', 73),
(56, 'The Finals', 'Embark Studios', 70),
(57, 'Destiny 2', 'Bungie', 68),
(58, 'Warframe', 'Digital Extremes', 67),
(59, 'GTA Online', 'Rockstar', 65),
(60, 'Minecraft', 'Mojang', 60),
(61, 'Counter-Strike 2', 'Valve', 100),
(62, 'Valorant', 'Riot Games', 98),
(63, 'Fortnite', 'Epic Games', 95),
(64, 'Apex Legends', 'Respawn Entertainment', 93),
(65, 'PUBG', 'Krafton', 90),
(66, 'Call of Duty: Warzone', 'Activision', 89),
(67, 'League of Legends', 'Riot Games', 88),
(68, 'Dota 2', 'Valve', 85),
(69, 'Overwatch 2', 'Blizzard', 83),
(70, 'Rainbow Six Siege', 'Ubisoft', 82),
(71, 'Rust', 'Facepunch', 80),
(72, 'Team Fortress 2', 'Valve', 78),
(73, 'Escape from Tarkov', 'Battlestate Games', 76),
(74, 'Battlefield V', 'EA', 75),
(75, 'Palworld', 'Pocketpair', 73),
(76, 'The Finals', 'Embark Studios', 70),
(77, 'Destiny 2', 'Bungie', 68),
(78, 'Warframe', 'Digital Extremes', 67),
(79, 'GTA Online', 'Rockstar', 65),
(80, 'Minecraft', 'Mojang', 60),
(81, 'Counter-Strike 2', 'Valve', 100),
(82, 'Valorant', 'Riot Games', 98),
(83, 'Fortnite', 'Epic Games', 95),
(84, 'Apex Legends', 'Respawn Entertainment', 93),
(85, 'PUBG', 'Krafton', 90),
(86, 'Call of Duty: Warzone', 'Activision', 89),
(87, 'League of Legends', 'Riot Games', 88),
(88, 'Dota 2', 'Valve', 85),
(89, 'Overwatch 2', 'Blizzard', 83),
(90, 'Rainbow Six Siege', 'Ubisoft', 82),
(91, 'Rust', 'Facepunch', 80),
(92, 'Team Fortress 2', 'Valve', 78),
(93, 'Escape from Tarkov', 'Battlestate Games', 76),
(94, 'Battlefield V', 'EA', 75),
(95, 'Palworld', 'Pocketpair', 73),
(96, 'The Finals', 'Embark Studios', 70),
(97, 'Destiny 2', 'Bungie', 68),
(98, 'Warframe', 'Digital Extremes', 67),
(99, 'GTA Online', 'Rockstar', 65),
(100, 'Minecraft', 'Mojang', 60),
(101, 'Counter-Strike 2', 'Valve', 100),
(102, 'Valorant', 'Riot Games', 98),
(103, 'Fortnite', 'Epic Games', 95),
(104, 'Apex Legends', 'Respawn Entertainment', 93),
(105, 'PUBG', 'Krafton', 90),
(106, 'Call of Duty: Warzone', 'Activision', 89),
(107, 'League of Legends', 'Riot Games', 88),
(108, 'Dota 2', 'Valve', 85),
(109, 'Overwatch 2', 'Blizzard', 83),
(110, 'Rainbow Six Siege', 'Ubisoft', 82),
(111, 'Rust', 'Facepunch', 80),
(112, 'Team Fortress 2', 'Valve', 78),
(113, 'Escape from Tarkov', 'Battlestate Games', 76),
(114, 'Battlefield V', 'EA', 75),
(115, 'Palworld', 'Pocketpair', 73),
(116, 'The Finals', 'Embark Studios', 70),
(117, 'Destiny 2', 'Bungie', 68),
(118, 'Warframe', 'Digital Extremes', 67),
(119, 'GTA Online', 'Rockstar', 65),
(120, 'Minecraft', 'Mojang', 60),
(121, 'Counter-Strike 2', 'Valve', 100),
(122, 'Valorant', 'Riot Games', 98),
(123, 'Fortnite', 'Epic Games', 95),
(124, 'Apex Legends', 'Respawn Entertainment', 93),
(125, 'PUBG', 'Krafton', 90),
(126, 'Call of Duty: Warzone', 'Activision', 89),
(127, 'League of Legends', 'Riot Games', 88),
(128, 'Dota 2', 'Valve', 85),
(129, 'Overwatch 2', 'Blizzard', 83),
(130, 'Rainbow Six Siege', 'Ubisoft', 82),
(131, 'Rust', 'Facepunch', 80),
(132, 'Team Fortress 2', 'Valve', 78),
(133, 'Escape from Tarkov', 'Battlestate Games', 76),
(134, 'Battlefield V', 'EA', 75),
(135, 'Palworld', 'Pocketpair', 73),
(136, 'The Finals', 'Embark Studios', 70),
(137, 'Destiny 2', 'Bungie', 68),
(138, 'Warframe', 'Digital Extremes', 67),
(139, 'GTA Online', 'Rockstar', 65),
(140, 'Minecraft', 'Mojang', 60),
(141, 'Counter-Strike 2', 'Valve', 100),
(142, 'Valorant', 'Riot Games', 98),
(143, 'Fortnite', 'Epic Games', 95),
(144, 'Apex Legends', 'Respawn Entertainment', 93),
(145, 'PUBG', 'Krafton', 90),
(146, 'Call of Duty: Warzone', 'Activision', 89),
(147, 'League of Legends', 'Riot Games', 88),
(148, 'Dota 2', 'Valve', 85),
(149, 'Overwatch 2', 'Blizzard', 83),
(150, 'Rainbow Six Siege', 'Ubisoft', 82),
(151, 'Rust', 'Facepunch', 80),
(152, 'Team Fortress 2', 'Valve', 78),
(153, 'Escape from Tarkov', 'Battlestate Games', 76),
(154, 'Battlefield V', 'EA', 75),
(155, 'Palworld', 'Pocketpair', 73),
(156, 'The Finals', 'Embark Studios', 70),
(157, 'Destiny 2', 'Bungie', 68),
(158, 'Warframe', 'Digital Extremes', 67),
(159, 'GTA Online', 'Rockstar', 65),
(160, 'Minecraft', 'Mojang', 60),
(161, 'Counter-Strike 2', 'Valve', 100),
(162, 'Valorant', 'Riot Games', 98),
(163, 'Fortnite', 'Epic Games', 95),
(164, 'Apex Legends', 'Respawn Entertainment', 93),
(165, 'PUBG', 'Krafton', 90),
(166, 'Call of Duty: Warzone', 'Activision', 89),
(167, 'League of Legends', 'Riot Games', 88),
(168, 'Dota 2', 'Valve', 85),
(169, 'Overwatch 2', 'Blizzard', 83),
(170, 'Rainbow Six Siege', 'Ubisoft', 82),
(171, 'Rust', 'Facepunch', 80),
(172, 'Team Fortress 2', 'Valve', 78),
(173, 'Escape from Tarkov', 'Battlestate Games', 76),
(174, 'Battlefield V', 'EA', 75),
(175, 'Palworld', 'Pocketpair', 73),
(176, 'The Finals', 'Embark Studios', 70),
(177, 'Destiny 2', 'Bungie', 68),
(178, 'Warframe', 'Digital Extremes', 67),
(179, 'GTA Online', 'Rockstar', 65),
(180, 'Minecraft', 'Mojang', 60),
(181, 'Counter-Strike 2', 'Valve', 100),
(182, 'Valorant', 'Riot Games', 98),
(183, 'Fortnite', 'Epic Games', 95),
(184, 'Apex Legends', 'Respawn Entertainment', 93),
(185, 'PUBG', 'Krafton', 90),
(186, 'Call of Duty: Warzone', 'Activision', 89),
(187, 'League of Legends', 'Riot Games', 88),
(188, 'Dota 2', 'Valve', 85),
(189, 'Overwatch 2', 'Blizzard', 83),
(190, 'Rainbow Six Siege', 'Ubisoft', 82),
(191, 'Rust', 'Facepunch', 80),
(192, 'Team Fortress 2', 'Valve', 78),
(193, 'Escape from Tarkov', 'Battlestate Games', 76),
(194, 'Battlefield V', 'EA', 75),
(195, 'Palworld', 'Pocketpair', 73),
(196, 'The Finals', 'Embark Studios', 70),
(197, 'Destiny 2', 'Bungie', 68),
(198, 'Warframe', 'Digital Extremes', 67),
(199, 'GTA Online', 'Rockstar', 65),
(200, 'Minecraft', 'Mojang', 60),
(201, 'Counter-Strike 2', 'Valve', 100),
(202, 'Valorant', 'Riot Games', 98),
(203, 'Fortnite', 'Epic Games', 95),
(204, 'Apex Legends', 'Respawn Entertainment', 93),
(205, 'PUBG', 'Krafton', 90),
(206, 'Call of Duty: Warzone', 'Activision', 89),
(207, 'League of Legends', 'Riot Games', 88),
(208, 'Dota 2', 'Valve', 85),
(209, 'Overwatch 2', 'Blizzard', 83),
(210, 'Rainbow Six Siege', 'Ubisoft', 82),
(211, 'Rust', 'Facepunch', 80),
(212, 'Team Fortress 2', 'Valve', 78),
(213, 'Escape from Tarkov', 'Battlestate Games', 76),
(214, 'Battlefield V', 'EA', 75),
(215, 'Palworld', 'Pocketpair', 73),
(216, 'The Finals', 'Embark Studios', 70),
(217, 'Destiny 2', 'Bungie', 68),
(218, 'Warframe', 'Digital Extremes', 67),
(219, 'GTA Online', 'Rockstar', 65),
(220, 'Minecraft', 'Mojang', 60),
(221, 'Counter-Strike 2', 'Valve', 100),
(222, 'Valorant', 'Riot Games', 98),
(223, 'Fortnite', 'Epic Games', 95),
(224, 'Apex Legends', 'Respawn Entertainment', 93),
(225, 'PUBG', 'Krafton', 90),
(226, 'Call of Duty: Warzone', 'Activision', 89),
(227, 'League of Legends', 'Riot Games', 88),
(228, 'Dota 2', 'Valve', 85),
(229, 'Overwatch 2', 'Blizzard', 83),
(230, 'Rainbow Six Siege', 'Ubisoft', 82),
(231, 'Rust', 'Facepunch', 80),
(232, 'Team Fortress 2', 'Valve', 78),
(233, 'Escape from Tarkov', 'Battlestate Games', 76),
(234, 'Battlefield V', 'EA', 75),
(235, 'Palworld', 'Pocketpair', 73),
(236, 'The Finals', 'Embark Studios', 70),
(237, 'Destiny 2', 'Bungie', 68),
(238, 'Warframe', 'Digital Extremes', 67),
(239, 'GTA Online', 'Rockstar', 65),
(240, 'Minecraft', 'Mojang', 60),
(241, 'Counter-Strike 2', 'Valve', 0),
(242, 'Valorant', 'Riot Games', 0),
(243, 'Fortnite', 'Epic Games', 0),
(244, 'Apex Legends', 'Respawn Entertainment', 0),
(245, 'PUBG', 'Krafton', 0),
(246, 'Call of Duty: Warzone', 'Activision', 0),
(247, 'League of Legends', 'Riot Games', 0),
(248, 'Dota 2', 'Valve', 0),
(249, 'Overwatch 2', 'Blizzard Entertainment', 0),
(250, 'Rainbow Six Siege', 'Ubisoft', 0),
(251, 'Rust', 'Facepunch Studios', 0),
(252, 'Team Fortress 2', 'Valve', 0),
(253, 'Escape from Tarkov', 'Battlestate Games', 0),
(254, 'Battlefield V', 'EA DICE', 0),
(255, 'Palworld', 'Pocketpair', 0),
(256, 'The Finals', 'Embark Studios', 0),
(257, 'Destiny 2', 'Bungie', 0),
(258, 'Warframe', 'Digital Extremes', 0),
(259, 'GTA Online', 'Rockstar Games', 0),
(260, 'Minecraft', 'Mojang Studios', 0);

-- --------------------------------------------------------

--
-- Struktura tabeli dla tabeli `kategorie`
--

CREATE TABLE `kategorie` (
  `id_kategorii` int(11) NOT NULL,
  `nazwa_kategorii` varchar(100) NOT NULL,
  `opis_kategorii` text DEFAULT NULL
) ENGINE=InnoDB DEFAULT CHARSET=utf8mb4 COLLATE=utf8mb4_general_ci;

--
-- Dumping data for table `kategorie`
--

INSERT INTO `kategorie` (`id_kategorii`, `nazwa_kategorii`, `opis_kategorii`) VALUES
(1, 'Kolekcja Neon Demon', 'Skórki inspirowane estetyką cyberpunk z neonowymi akcentami.'),
(2, 'Żywioły Natury', 'Kolekcja bazująca na motywach ognia, wody, ziemi i powietrza.'),
(3, 'Bohaterowie Mitologii', 'Skiny przedstawiające postacie i bestie z różnych mitologii świata.'),
(4, 'Retro Gaming', 'Wygląd inspirowany grami z lat 80. i 90., z pixel-artowymi wzorami.'),
(5, 'Limitowana Edycja 2025', 'Ekskluzywne skiny dostępne tylko podczas wydarzeń w 2025 roku.'),
(6, 'Strefa Militarna', 'Realistyczne kamuflaże i wzory wojskowe.');

-- --------------------------------------------------------

--
-- Struktura tabeli dla tabeli `poradniki`
--

CREATE TABLE `poradniki` (
  `id` int(11) NOT NULL,
  `id_gry` int(11) DEFAULT NULL,
  `tytul` varchar(255) DEFAULT NULL,
  `tresc` text DEFAULT NULL
) ENGINE=InnoDB DEFAULT CHARSET=utf8mb4 COLLATE=utf8mb4_general_ci;

--
-- Dumping data for table `poradniki`
--

INSERT INTO `poradniki` (`id`, `id_gry`, `tytul`, `tresc`) VALUES
(1, 0, 'valve', 'tekst1');

-- --------------------------------------------------------

--
-- Struktura tabeli dla tabeli `posiadane_skiny`
--

CREATE TABLE `posiadane_skiny` (
  `id_relacji` int(11) NOT NULL,
  `id_uzytkownika` int(11) NOT NULL,
  `id_skinu` int(11) NOT NULL,
  `data_zdobycia` date DEFAULT NULL
) ENGINE=InnoDB DEFAULT CHARSET=utf8mb4 COLLATE=utf8mb4_general_ci;

--
-- Dumping data for table `posiadane_skiny`
--

INSERT INTO `posiadane_skiny` (`id_relacji`, `id_uzytkownika`, `id_skinu`, `data_zdobycia`) VALUES
(115, 1, 1, NULL),
(116, 1, 22, NULL),
(117, 2, 2, NULL),
(118, 2, 23, NULL),
(119, 3, 3, NULL),
(120, 3, 24, NULL),
(121, 4, 4, NULL),
(122, 4, 25, NULL),
(123, 5, 5, NULL),
(124, 5, 26, NULL),
(125, 6, 6, NULL),
(126, 6, 27, NULL),
(127, 7, 7, NULL),
(128, 7, 28, NULL),
(129, 8, 8, NULL),
(130, 8, 29, NULL),
(131, 9, 9, NULL),
(132, 9, 30, NULL),
(133, 10, 10, NULL),
(134, 10, 31, NULL),
(135, 1, 11, NULL),
(136, 1, 32, NULL),
(137, 2, 12, NULL),
(138, 2, 33, NULL),
(139, 3, 13, NULL),
(140, 3, 34, NULL),
(141, 4, 14, NULL),
(142, 4, 35, NULL),
(143, 5, 15, NULL),
(144, 5, 36, NULL),
(145, 6, 16, NULL),
(146, 6, 37, NULL),
(147, 7, 17, NULL),
(148, 7, 38, NULL),
(149, 8, 18, NULL),
(150, 8, 39, NULL),
(151, 9, 19, NULL),
(152, 9, 40, NULL),
(153, 10, 20, NULL),
(154, 1, 21, NULL),
(155, 2, 5, NULL),
(156, 3, 10, NULL),
(157, 4, 15, NULL),
(158, 5, 20, NULL),
(159, 6, 25, NULL),
(160, 7, 30, NULL),
(161, 8, 35, NULL),
(162, 9, 40, NULL),
(163, 10, 1, NULL),
(164, 3, 17, NULL),
(165, 5, 28, NULL),
(166, 7, 39, NULL),
(167, 9, 4, NULL),
(168, 1, 13, NULL),
(169, 2, 18, NULL),
(170, 4, 21, NULL),
(171, 6, 24, NULL),
(172, 8, 31, NULL),
(173, 10, 36, NULL),
(174, 1, 1, NULL),
(175, 1, 22, NULL),
(176, 2, 2, NULL),
(177, 2, 23, NULL),
(178, 3, 3, NULL),
(179, 3, 24, NULL),
(180, 4, 4, NULL),
(181, 4, 25, NULL),
(182, 5, 5, NULL),
(183, 5, 26, NULL),
(184, 6, 6, NULL),
(185, 6, 27, NULL),
(186, 7, 7, NULL),
(187, 7, 28, NULL),
(188, 8, 8, NULL),
(189, 8, 29, NULL),
(190, 9, 9, NULL),
(191, 9, 30, NULL),
(192, 10, 10, NULL),
(193, 10, 31, NULL),
(194, 1, 11, NULL),
(195, 1, 32, NULL),
(196, 2, 12, NULL),
(197, 2, 33, NULL),
(198, 3, 13, NULL),
(199, 3, 34, NULL),
(200, 4, 14, NULL),
(201, 4, 35, NULL),
(202, 5, 15, NULL),
(203, 5, 36, NULL),
(204, 6, 16, NULL),
(205, 6, 37, NULL),
(206, 7, 17, NULL),
(207, 7, 38, NULL),
(208, 8, 18, NULL),
(209, 8, 39, NULL),
(210, 9, 19, NULL),
(211, 9, 40, NULL),
(212, 10, 20, NULL),
(213, 1, 21, NULL),
(214, 2, 5, NULL),
(215, 3, 10, NULL),
(216, 4, 15, NULL),
(217, 5, 20, NULL),
(218, 6, 25, NULL),
(219, 7, 30, NULL),
(220, 8, 35, NULL),
(221, 9, 40, NULL),
(222, 10, 1, NULL),
(223, 3, 17, NULL),
(224, 5, 28, NULL),
(225, 7, 39, NULL),
(226, 9, 4, NULL),
(227, 1, 13, NULL),
(228, 2, 18, NULL),
(229, 4, 21, NULL),
(230, 6, 24, NULL),
(231, 8, 31, NULL),
(232, 10, 36, NULL),
(233, 1, 1, NULL),
(234, 1, 22, NULL),
(235, 2, 2, NULL),
(236, 2, 23, NULL),
(237, 3, 3, NULL),
(238, 3, 24, NULL),
(239, 4, 4, NULL),
(240, 4, 25, NULL),
(241, 5, 5, NULL),
(242, 5, 26, NULL),
(243, 6, 6, NULL),
(244, 6, 27, NULL),
(245, 7, 7, NULL),
(246, 7, 28, NULL),
(247, 8, 8, NULL),
(248, 8, 29, NULL),
(249, 9, 9, NULL),
(250, 9, 30, NULL),
(251, 10, 10, NULL),
(252, 10, 31, NULL),
(253, 1, 11, NULL),
(254, 1, 32, NULL),
(255, 2, 12, NULL),
(256, 2, 33, NULL),
(257, 3, 13, NULL),
(258, 3, 34, NULL),
(259, 4, 14, NULL),
(260, 4, 35, NULL),
(261, 5, 15, NULL),
(262, 5, 36, NULL),
(263, 6, 16, NULL),
(264, 6, 37, NULL),
(265, 7, 17, NULL),
(266, 7, 38, NULL),
(267, 8, 18, NULL),
(268, 8, 39, NULL),
(269, 9, 19, NULL),
(270, 9, 40, NULL),
(271, 10, 20, NULL),
(272, 1, 21, NULL),
(273, 2, 5, NULL),
(274, 3, 10, NULL),
(275, 4, 15, NULL),
(276, 5, 20, NULL),
(277, 6, 25, NULL),
(278, 7, 30, NULL),
(279, 8, 35, NULL),
(280, 9, 40, NULL),
(281, 10, 1, NULL),
(282, 3, 17, NULL),
(283, 5, 28, NULL),
(284, 7, 39, NULL),
(285, 9, 4, NULL),
(286, 1, 13, NULL),
(287, 2, 18, NULL),
(288, 4, 21, NULL),
(289, 6, 24, NULL),
(290, 8, 31, NULL),
(291, 10, 36, NULL),
(292, 1, 1, NULL),
(293, 1, 22, NULL),
(294, 2, 2, NULL),
(295, 2, 23, NULL),
(296, 3, 3, NULL),
(297, 3, 24, NULL),
(298, 4, 4, NULL),
(299, 4, 25, NULL),
(300, 5, 5, NULL),
(301, 5, 26, NULL),
(302, 6, 6, NULL),
(303, 6, 27, NULL),
(304, 7, 7, NULL),
(305, 7, 28, NULL),
(306, 8, 8, NULL),
(307, 8, 29, NULL),
(308, 9, 9, NULL),
(309, 9, 30, NULL),
(310, 10, 10, NULL),
(311, 10, 31, NULL),
(312, 1, 11, NULL),
(313, 1, 32, NULL),
(314, 2, 12, NULL),
(315, 2, 33, NULL),
(316, 3, 13, NULL),
(317, 3, 34, NULL),
(318, 4, 14, NULL),
(319, 4, 35, NULL),
(320, 5, 15, NULL),
(321, 5, 36, NULL),
(322, 6, 16, NULL),
(323, 6, 37, NULL),
(324, 7, 17, NULL),
(325, 7, 38, NULL),
(326, 8, 18, NULL),
(327, 8, 39, NULL),
(328, 9, 19, NULL),
(329, 9, 40, NULL),
(330, 10, 20, NULL),
(331, 1, 21, NULL),
(332, 2, 5, NULL),
(333, 3, 10, NULL),
(334, 4, 15, NULL),
(335, 5, 20, NULL),
(336, 6, 25, NULL),
(337, 7, 30, NULL),
(338, 8, 35, NULL),
(339, 9, 40, NULL),
(340, 10, 1, NULL),
(341, 3, 17, NULL),
(342, 5, 28, NULL),
(343, 7, 39, NULL),
(344, 9, 4, NULL),
(345, 1, 13, NULL),
(346, 2, 18, NULL),
(347, 4, 21, NULL),
(348, 6, 24, NULL),
(349, 8, 31, NULL),
(350, 10, 36, NULL),
(351, 1, 23, NULL),
(352, 5, 12, NULL),
(353, 8, 33, NULL),
(354, 2, 1, NULL),
(355, 10, 40, NULL),
(356, 3, 17, NULL),
(357, 7, 28, NULL),
(358, 9, 5, NULL),
(359, 4, 39, NULL),
(360, 6, 14, NULL),
(361, 1, 1, NULL),
(362, 5, 2, NULL),
(363, 8, 3, NULL),
(364, 2, 4, NULL),
(365, 10, 5, NULL),
(366, 3, 6, NULL),
(367, 7, 7, NULL),
(368, 9, 8, NULL),
(369, 4, 9, NULL),
(370, 6, 10, NULL),
(371, 1, 11, NULL),
(372, 5, 13, NULL),
(373, 8, 15, NULL),
(374, 2, 16, NULL),
(375, 10, 18, NULL),
(376, 3, 19, NULL),
(377, 7, 20, NULL),
(378, 9, 21, NULL),
(379, 4, 22, NULL),
(380, 6, 24, NULL),
(381, 1, 25, NULL),
(382, 5, 26, NULL),
(383, 8, 27, NULL),
(384, 2, 29, NULL),
(385, 10, 30, NULL),
(386, 3, 31, NULL),
(387, 7, 32, NULL),
(388, 9, 34, NULL),
(389, 4, 35, NULL),
(390, 6, 36, NULL),
(391, 1, 37, NULL),
(392, 5, 38, NULL),
(393, 8, 40, NULL),
(394, 2, 14, NULL),
(395, 10, 29, NULL),
(396, 3, 8, NULL),
(397, 7, 19, NULL),
(398, 9, 31, NULL),
(399, 4, 2, NULL),
(400, 6, 17, NULL),
(401, 1, 5, NULL),
(402, 5, 16, NULL),
(403, 8, 21, NULL),
(404, 2, 32, NULL),
(405, 10, 38, NULL),
(406, 3, 1, NULL),
(407, 7, 12, NULL),
(408, 9, 23, NULL),
(409, 4, 34, NULL),
(410, 6, 25, NULL),
(411, 1, 23, NULL),
(412, 5, 12, NULL),
(413, 8, 33, NULL),
(414, 2, 1, NULL),
(415, 10, 40, NULL),
(416, 3, 17, NULL),
(417, 7, 28, NULL),
(418, 9, 5, NULL),
(419, 4, 39, NULL),
(420, 6, 14, NULL),
(421, 1, 1, NULL),
(422, 5, 2, NULL),
(423, 8, 3, NULL),
(424, 2, 4, NULL),
(425, 10, 5, NULL),
(426, 3, 6, NULL),
(427, 7, 7, NULL),
(428, 9, 8, NULL),
(429, 4, 9, NULL),
(430, 6, 10, NULL),
(431, 1, 11, NULL),
(432, 5, 13, NULL),
(433, 8, 15, NULL),
(434, 2, 16, NULL),
(435, 10, 18, NULL),
(436, 3, 19, NULL),
(437, 7, 20, NULL),
(438, 9, 21, NULL),
(439, 4, 22, NULL),
(440, 6, 24, NULL),
(441, 1, 25, NULL),
(442, 5, 26, NULL),
(443, 8, 27, NULL),
(444, 2, 29, NULL),
(445, 10, 30, NULL),
(446, 3, 31, NULL),
(447, 7, 32, NULL),
(448, 9, 34, NULL),
(449, 4, 35, NULL),
(450, 6, 36, NULL),
(451, 1, 37, NULL),
(452, 5, 38, NULL),
(453, 8, 40, NULL),
(454, 2, 14, NULL),
(455, 10, 29, NULL),
(456, 3, 8, NULL),
(457, 7, 19, NULL),
(458, 9, 31, NULL),
(459, 4, 2, NULL),
(460, 6, 17, NULL),
(461, 1, 5, NULL),
(462, 5, 16, NULL),
(463, 8, 21, NULL),
(464, 2, 32, NULL),
(465, 10, 38, NULL),
(466, 3, 1, NULL),
(467, 7, 12, NULL),
(468, 9, 23, NULL),
(469, 4, 34, NULL),
(470, 6, 25, NULL);

-- --------------------------------------------------------

--
-- Struktura tabeli dla tabeli `recenzje_skinow`
--

CREATE TABLE `recenzje_skinow` (
  `id_recenzji` int(11) NOT NULL,
  `id_skinu` int(11) NOT NULL,
  `id_uzytkownika` int(11) NOT NULL,
  `ocena` tinyint(3) UNSIGNED NOT NULL CHECK (`ocena` between 1 and 5),
  `komentarz` varchar(500) DEFAULT NULL,
  `data_dodania` timestamp NOT NULL DEFAULT current_timestamp()
) ENGINE=InnoDB DEFAULT CHARSET=utf8mb4 COLLATE=utf8mb4_general_ci;

--
-- Dumping data for table `recenzje_skinow`
--

INSERT INTO `recenzje_skinow` (`id_recenzji`, `id_skinu`, `id_uzytkownika`, `ocena`, `komentarz`, `data_dodania`) VALUES
(61, 1, 1, 5, 'Niesamowity! Jeden z najlepszych skinów legendarnych w grze.', '2025-11-24 14:54:22'),
(62, 1, 2, 5, 'Wart swojej ceny. Efekty wizualne powalają.', '2025-11-24 14:54:22'),
(63, 2, 3, 4, 'Bardzo ładny, solidny skin rzadki.', '2025-11-24 14:54:22'),
(64, 2, 4, 3, 'Jest ok, ale są ciekawsze w tej cenie.', '2025-11-24 14:54:22'),
(65, 3, 5, 2, 'Zwykły recolor, nic specjalnego.', '2025-11-24 14:54:22'),
(66, 3, 6, 1, 'Nie polecam, wygląda tanio.', '2025-11-24 14:54:22'),
(67, 4, 7, 5, 'Najlepszy skin epicki w Rust! Koniecznie kupcie.', '2025-11-24 14:54:22'),
(68, 4, 8, 4, 'Super, ale trochę drogi.', '2025-11-24 14:54:22'),
(69, 5, 9, 3, 'Fajny, ale bez rewelacji.', '2025-11-24 14:54:22'),
(70, 5, 10, 4, 'Dobry skin, przyjemnie się z nim gra.', '2025-11-24 14:54:22'),
(71, 6, 1, 5, 'Klasa sama w sobie. Prawdziwy legendarny skin.', '2025-11-24 14:54:22'),
(72, 6, 2, 5, 'Arcydzieło.', '2025-11-24 14:54:22'),
(73, 7, 3, 3, 'Taki sobie, mógłby być lepszy.', '2025-11-24 14:54:22'),
(74, 7, 4, 2, 'Spodziewałem się czegoś więcej.', '2025-11-24 14:54:22'),
(75, 8, 5, 4, 'Ciekawy design, polecam sprawdzić.', '2025-11-24 14:54:22'),
(76, 8, 6, 5, 'Jeden z moich ulubionych.', '2025-11-24 14:54:22'),
(77, 9, 7, 5, 'Kupiony w promocji, świetny zakup!', '2025-11-24 14:54:22'),
(78, 9, 8, 4, 'Solidna epicka skórka.', '2025-11-24 14:54:22'),
(79, 10, 9, 3, 'Niezły, ale szybko mi się znudził.', '2025-11-24 14:54:22'),
(80, 10, 10, 4, 'Dobry wybór jeśli lubisz militarny styl.', '2025-11-24 14:54:22'),
(81, 11, 1, 1, 'Słaby, nie warty nawet złotówki.', '2025-11-24 14:54:22'),
(82, 12, 2, 5, 'Absolutny TOP, warty każdej ceny.', '2025-11-24 14:54:22'),
(83, 13, 3, 4, 'Wygląda lepiej niż na obrazkach!', '2025-11-24 14:54:22'),
(84, 14, 4, 5, 'Klasyk, must-have w kolekcji!', '2025-11-24 14:54:22'),
(85, 15, 5, 2, 'Zawiodłem się, bardzo prosty.', '2025-11-24 14:54:22'),
(86, 16, 6, 4, 'Ciekawy pomysł, dobre wykonanie.', '2025-11-24 14:54:22'),
(87, 17, 7, 5, 'Jeden z piękniejszych skinów epickich.', '2025-11-24 14:54:22'),
(88, 18, 8, 5, 'LEGENDARNY, po prostu WOW!', '2025-11-24 14:54:22'),
(89, 19, 9, 2, 'Nuda. Niczym nie zaskakuje.', '2025-11-24 14:54:22'),
(90, 20, 10, 4, 'Pasuje do mojego stylu gry, polecam.', '2025-11-24 14:54:22'),
(91, 21, 1, 5, 'Perfekcyjny w każdym detalu!', '2025-11-24 14:54:22'),
(92, 22, 2, 4, 'Dobra jakość, warto było kupić.', '2025-11-24 14:54:22'),
(93, 23, 3, 5, 'To teraz mój ulubiony skin!', '2025-11-24 14:54:22'),
(94, 24, 4, 3, 'Przeciętny, są lepsze alternatywy.', '2025-11-24 14:54:22'),
(95, 25, 5, 1, 'Nieporozumienie, odradzam zakup.', '2025-11-24 14:54:22'),
(96, 26, 6, 5, 'Rewelacja! Unikalny i piękny.', '2025-11-24 14:54:22'),
(97, 27, 7, 4, 'Naprawdę solidny i dopracowany.', '2025-11-24 14:54:22'),
(98, 28, 8, 5, 'Legendarna jakość, widać za co się płaci.', '2025-11-24 14:54:22'),
(99, 29, 9, 3, 'OK, ale nic ponadto.', '2025-11-24 14:54:22'),
(100, 30, 10, 5, 'Super, nie żałuję ani złotówki!', '2025-11-24 14:54:22'),
(101, 1, 1, 5, 'Niesamowity! Jeden z najlepszych skinów legendarnych w grze.', '2025-11-24 14:55:19'),
(102, 1, 2, 5, 'Wart swojej ceny. Efekty wizualne powalają.', '2025-11-24 14:55:19'),
(103, 2, 3, 4, 'Bardzo ładny, solidny skin rzadki.', '2025-11-24 14:55:19'),
(104, 2, 4, 3, 'Jest ok, ale są ciekawsze w tej cenie.', '2025-11-24 14:55:19'),
(105, 3, 5, 2, 'Zwykły recolor, nic specjalnego.', '2025-11-24 14:55:19'),
(106, 3, 6, 1, 'Nie polecam, wygląda tanio.', '2025-11-24 14:55:19'),
(107, 4, 7, 5, 'Najlepszy skin epicki w Rust! Koniecznie kupcie.', '2025-11-24 14:55:19'),
(108, 4, 8, 4, 'Super, ale trochę drogi.', '2025-11-24 14:55:19'),
(109, 5, 9, 3, 'Fajny, ale bez rewelacji.', '2025-11-24 14:55:19'),
(110, 5, 10, 4, 'Dobry skin, przyjemnie się z nim gra.', '2025-11-24 14:55:19'),
(111, 6, 1, 5, 'Klasa sama w sobie. Prawdziwy legendarny skin.', '2025-11-24 14:55:19'),
(112, 6, 2, 5, 'Arcydzieło.', '2025-11-24 14:55:19'),
(113, 7, 3, 3, 'Taki sobie, mógłby być lepszy.', '2025-11-24 14:55:19'),
(114, 7, 4, 2, 'Spodziewałem się czegoś więcej.', '2025-11-24 14:55:19'),
(115, 8, 5, 4, 'Ciekawy design, polecam sprawdzić.', '2025-11-24 14:55:19'),
(116, 8, 6, 5, 'Jeden z moich ulubionych.', '2025-11-24 14:55:19'),
(117, 9, 7, 5, 'Kupiony w promocji, świetny zakup!', '2025-11-24 14:55:19'),
(118, 9, 8, 4, 'Solidna epicka skórka.', '2025-11-24 14:55:19'),
(119, 10, 9, 3, 'Niezły, ale szybko mi się znudził.', '2025-11-24 14:55:19'),
(120, 10, 10, 4, 'Dobry wybór jeśli lubisz militarny styl.', '2025-11-24 14:55:19'),
(121, 11, 1, 1, 'Słaby, nie warty nawet złotówki.', '2025-11-24 14:55:19'),
(122, 12, 2, 5, 'Absolutny TOP, warty każdej ceny.', '2025-11-24 14:55:19'),
(123, 13, 3, 4, 'Wygląda lepiej niż na obrazkach!', '2025-11-24 14:55:19'),
(124, 14, 4, 5, 'Klasyk, must-have w kolekcji!', '2025-11-24 14:55:19'),
(125, 15, 5, 2, 'Zawiodłem się, bardzo prosty.', '2025-11-24 14:55:19'),
(126, 16, 6, 4, 'Ciekawy pomysł, dobre wykonanie.', '2025-11-24 14:55:19'),
(127, 17, 7, 5, 'Jeden z piękniejszych skinów epickich.', '2025-11-24 14:55:19'),
(128, 18, 8, 5, 'LEGENDARNY, po prostu WOW!', '2025-11-24 14:55:19'),
(129, 19, 9, 2, 'Nuda. Niczym nie zaskakuje.', '2025-11-24 14:55:19'),
(130, 20, 10, 4, 'Pasuje do mojego stylu gry, polecam.', '2025-11-24 14:55:19'),
(131, 21, 1, 5, 'Perfekcyjny w każdym detalu!', '2025-11-24 14:55:19'),
(132, 22, 2, 4, 'Dobra jakość, warto było kupić.', '2025-11-24 14:55:19'),
(133, 23, 3, 5, 'To teraz mój ulubiony skin!', '2025-11-24 14:55:19'),
(134, 24, 4, 3, 'Przeciętny, są lepsze alternatywy.', '2025-11-24 14:55:19'),
(135, 25, 5, 1, 'Nieporozumienie, odradzam zakup.', '2025-11-24 14:55:19'),
(136, 26, 6, 5, 'Rewelacja! Unikalny i piękny.', '2025-11-24 14:55:19'),
(137, 27, 7, 4, 'Naprawdę solidny i dopracowany.', '2025-11-24 14:55:19'),
(138, 28, 8, 5, 'Legendarna jakość, widać za co się płaci.', '2025-11-24 14:55:19'),
(139, 29, 9, 3, 'OK, ale nic ponadto.', '2025-11-24 14:55:19'),
(140, 30, 10, 5, 'Super, nie żałuję ani złotówki!', '2025-11-24 14:55:19'),
(141, 1, 3, 5, 'Absolutne mistrzostwo! Warty każdej ceny.', '2025-11-24 14:56:27'),
(142, 15, 1, 5, 'Kupiony i od razu stał się moim ulubionym skinem. Polecam!', '2025-11-24 14:56:27'),
(143, 3, 8, 4, 'Solidny, dobrze wykonany, ale bez efektu wow.', '2025-11-24 14:56:27'),
(144, 22, 5, 4, 'Jeden z lepszych skinów rzadkich. Ciekawy pomysł.', '2025-11-24 14:56:27'),
(145, 8, 2, 2, 'Rozczarowanie. Zwykły recolor, nic więcej.', '2025-11-24 14:56:27'),
(146, 12, 10, 1, 'Totalne dno, wygląda jak zrobiony w 5 minut. Unikać.', '2025-11-24 14:56:27'),
(147, 2, 4, 3, 'Jest w porządku, ale nic specjalnego.', '2025-11-24 14:56:27'),
(148, 39, 1, 3, 'Taki sobie, trochę nudny.', '2025-11-24 14:56:27'),
(149, 7, 9, 5, 'Genialny! Efekty są powalające.', '2025-11-24 14:56:27'),
(150, 11, 7, 5, 'Czuć moc z tym skinem, super!', '2025-11-24 14:56:27'),
(151, 18, 6, 4, 'Drogi, ale jakość wykonania na najwyższym poziomie.', '2025-11-24 14:56:27'),
(152, 36, 3, 5, 'Fenomenalny, polecam każdemu fanowi serii.', '2025-11-24 14:56:27'),
(153, 4, 5, 2, 'Nieporozumienie. Wygląda znacznie gorzej niż w zapowiedziach.', '2025-11-24 14:56:27'),
(154, 20, 2, 1, 'Żałuję zakupu. Brzydki i nieciekawy.', '2025-11-24 14:56:27'),
(155, 13, 8, 3, 'Może być. Spełnia swoje zadanie.', '2025-11-24 14:56:27'),
(156, 27, 4, 4, 'Bardzo mi się podoba, ciekawy motyw.', '2025-11-24 14:56:27'),
(157, 5, 1, 5, 'Legendarny skin w pełni zasługuje na swoją nazwę.', '2025-11-24 14:56:27'),
(158, 24, 7, 5, 'Arcydzieło, warty każdych pieniędzy.', '2025-11-24 14:56:27'),
(159, 10, 10, 4, 'Kupiłbym drugi raz. Świetnie się prezentuje.', '2025-11-24 14:56:27'),
(160, 25, 9, 4, 'Dobry, rzetelnie zrobiony skin. Polecam.', '2025-11-24 14:56:27'),
(161, 33, 3, 3, 'Jest ok, ale nie zachwyca.', '2025-11-24 14:56:27'),
(162, 17, 2, 4, 'Naprawdę fajny, nie żałuję zakupu.', '2025-11-24 14:56:27'),
(163, 6, 6, 1, 'Porażka, wygląda jak błąd graficzny.', '2025-11-24 14:56:27'),
(164, 32, 5, 2, 'Słabizna. Istnieje wiele lepszych opcji.', '2025-11-24 14:56:27'),
(165, 9, 9, 5, 'Absolutny top! Każdy w grze go rozpoznaje.', '2025-11-24 14:56:27'),
(166, 28, 8, 5, 'Najlepszy skin, jaki kiedykolwiek miałem.', '2025-11-24 14:56:27'),
(167, 16, 7, 2, 'Przeciętny. Ani ładny, ani brzydki.', '2025-11-24 14:56:27'),
(168, 34, 1, 4, 'Świetny design i dbałość o detale.', '2025-11-24 14:56:27'),
(169, 21, 4, 5, 'Jeden z tych skinów, do których ciągle wracam.', '2025-11-24 14:56:27'),
(170, 30, 6, 4, 'Dobra jakość w rozsądnej cenie.', '2025-11-24 14:56:27'),
(171, 26, 3, 3, 'Spoko, ale bez szału.', '2025-11-24 14:56:27'),
(172, 14, 5, 5, 'Majstersztyk. Po prostu.', '2025-11-24 14:56:27'),
(173, 19, 10, 5, 'Efekty wizualne są z innego świata. Mega!', '2025-11-24 14:56:27'),
(174, 31, 2, 1, 'Omijać szerokim łukiem.', '2025-11-24 14:56:27'),
(175, 6, 5, 5, 'Dzieło sztuki. Najlepszy skin jaki kiedykolwiek widziałem.', '2025-11-24 14:58:28'),
(176, 13, 1, 5, 'Po prostu perfekcja. Efekty są z innej planety.', '2025-11-24 14:58:28'),
(177, 3, 2, 4, 'Bardzo dobry, choć cena lekko zawyżona.', '2025-11-24 14:58:28'),
(178, 14, 4, 4, 'Świetny design i dbałość o detale. Warto.', '2025-11-24 14:58:28'),
(179, 4, 3, 1, 'Strata pieniędzy. Wygląda jak niedokończony projekt.', '2025-11-24 14:58:28'),
(180, 16, 5, 2, 'Nieporozumienie, kompletnie nie warty swojej ceny.', '2025-11-24 14:58:28'),
(181, 10, 7, 5, 'Absolutny must-have w kolekcji! Robi ogromne wrażenie.', '2025-11-24 14:58:28'),
(182, 23, 8, 5, '10/10. Nie mam żadnych zastrzeżeń. Ideał.', '2025-11-24 14:58:28'),
(183, 11, 9, 3, 'Jest w porządku, ale niczym nie zaskakuje. Można mieć.', '2025-11-24 14:58:28'),
(184, 20, 6, 3, 'Spełnia swoje zadanie, ale bez rewelacji. OK.', '2025-11-24 14:58:28'),
(185, 2, 10, 4, 'Całkiem przyjemny skin. Dobrze się z nim gra.', '2025-11-24 14:58:28'),
(186, 17, 1, 4, 'Fajny, solidny wybór w tej kategorii cenowej.', '2025-11-24 14:58:28'),
(187, 8, 2, 5, 'Klasa sama w sobie. Wart każdej złotówki.', '2025-11-24 14:58:28'),
(188, 26, 3, 5, 'Ten skin to czyste złoto. Fenomenalny.', '2025-11-24 14:58:28'),
(189, 5, 4, 3, 'Design jest ok, ale wykonanie mogłoby być lepsze.', '2025-11-24 14:58:28'),
(190, 15, 7, 4, 'Bardzo mi się podoba. Oryginalny i ciekawy.', '2025-11-24 14:58:28'),
(191, 1, 8, 5, 'Petarda! Błyszczy w każdej grze.', '2025-11-24 14:58:28'),
(192, 21, 6, 5, 'Jeśli się wahasz - kupuj! Nie będziesz żałować.', '2025-11-24 14:58:28'),
(193, 7, 9, 2, 'Zawiodłem się. Wygląda tanio i tandetnie.', '2025-11-24 14:58:28'),
(194, 19, 5, 1, 'Jeden z najbrzydszych skinów jakie widziałem.', '2025-11-24 14:58:28'),
(195, 12, 1, 5, 'Niesamowita jakość. Widać, że się postarali.', '2025-11-24 14:58:28'),
(196, 25, 2, 4, 'Bardzo fajny. Polecam, jeśli lubisz ten styl.', '2025-11-24 14:58:28'),
(197, 9, 3, 3, 'Przeciętny do bólu. Szybko się nudzi.', '2025-11-24 14:58:28'),
(198, 22, 4, 3, 'Taki sobie. Ani dobry, ani zły.', '2025-11-24 14:58:28'),
(199, 18, 7, 5, 'Ten skin to definicja słowa \"epicki\".', '2025-11-24 14:58:28'),
(200, 28, 8, 4, 'Robi wrażenie. Cieszę się z zakupu.', '2025-11-24 14:58:28'),
(201, 24, 10, 2, 'Niedopracowany. Pomysł był, wykonanie gorsze.', '2025-11-24 14:58:28'),
(202, 27, 9, 2, 'Spodziewałem się czegoś znacznie lepszego.', '2025-11-24 14:58:28'),
(203, 29, 6, 5, 'Rewelacyjny! Unikalny i po prostu piękny.', '2025-11-24 14:58:28'),
(204, 33, 5, 5, 'Legenda! Prawdziwa ozdoba ekwipunku.', '2025-11-24 14:58:28'),
(205, 30, 4, 3, 'Może być. Szału nie ma.', '2025-11-24 14:58:28'),
(206, 31, 3, 1, 'Kompletna pomyłka. Odradzam każdemu.', '2025-11-24 14:58:28'),
(207, 32, 2, 4, 'Dobry, rzetelnie zrobiony skin. Czwórka z plusem.', '2025-11-24 14:58:28'),
(208, 34, 1, 5, 'Czysta poezja! Coś wspaniałego.', '2025-11-24 14:58:28');

-- --------------------------------------------------------

--
-- Struktura tabeli dla tabeli `skiny`
--

CREATE TABLE `skiny` (
  `id_skinu` int(11) NOT NULL,
  `nazwa` varchar(100) NOT NULL,
  `id_gry` int(11) NOT NULL,
  `rzadkosc` enum('pospolity','rzadki','epicki','legendarny') NOT NULL,
  `cena` decimal(10,2) DEFAULT NULL,
  `opis` text DEFAULT NULL
) ENGINE=InnoDB DEFAULT CHARSET=utf8mb4 COLLATE=utf8mb4_general_ci;

--
-- Dumping data for table `skiny`
--

INSERT INTO `skiny` (`id_skinu`, `nazwa`, `id_gry`, `rzadkosc`, `cena`, `opis`) VALUES
(1, 'Azure Hunter', 1, 'rzadki', 37.89, 'Skin \'Azure Hunter\' dla gry Counter-Strike 2, rzadkosc: rzadki.'),
(2, 'Spectral Saber', 14, 'rzadki', 43.26, 'Skin \'Spectral Saber\' dla gry Battlefield V, rzadkosc: rzadki.'),
(3, 'Vortex Champion MK-II', 2, 'legendarny', 1558.85, 'Skin \'Vortex Champion MK-II\' dla gry Valorant, rzadkosc: legendarny.'),
(4, 'Shadow Striker Prime', 10, 'epicki', 104.98, 'Skin \'Shadow Striker Prime\' dla gry Rainbow Six Siege, rzadkosc: epicki.'),
(5, 'Shadow Blade X', 1, 'epicki', 125.50, 'Skin \'Shadow Blade X\' dla gry Counter-Strike 2, rzadkosc: epicki.'),
(6, 'Crimson Vandal 2025', 2, 'legendarny', 1850.75, 'Skin \'Crimson Vandal 2025\' dla gry Valorant, rzadkosc: legendarny.'),
(7, 'Azure Hunter Prime', 3, 'rzadki', 45.20, 'Skin \'Azure Hunter Prime\' dla gry Fortnite, rzadkosc: rzadki.'),
(8, 'Golden Lore Classic', 4, 'pospolity', 4.99, 'Skin \'Golden Lore Classic\' dla gry Apex Legends, rzadkosc: pospolity.'),
(9, 'Silent Glider MK-II', 5, 'epicki', 250.00, 'Skin \'Silent Glider MK-II\' dla gry PUBG, rzadkosc: epicki.'),
(10, 'Prime Phaser XR', 6, 'rzadki', 33.80, 'Skin \'Prime Phaser XR\' dla gry Call of Duty: Warzone, rzadkosc: rzadki.'),
(11, 'Dragon Rift V', 7, 'legendarny', 1200.00, 'Skin \'Dragon Rift V\' dla gry League of Legends, rzadkosc: legendarny.'),
(12, 'Obsidian Wing Ultra', 8, 'pospolity', 2.15, 'Skin \'Obsidian Wing Ultra\' dla gry Dota 2, rzadkosc: pospolity.'),
(13, 'Nebula Striker', 9, 'rzadki', 19.99, 'Skin \'Nebula Striker\' dla gry Overwatch 2, rzadkosc: rzadki.'),
(14, 'Solar Reaper Edition', 10, 'epicki', 99.50, 'Skin \'Solar Reaper Edition\' dla gry Rainbow Six Siege, rzadkosc: epicki.'),
(15, 'Crimson Blade V', 2, 'legendarny', 1890.75, 'Skin dla gry Valorant'),
(16, 'Azure Prowler Edition', 1, 'rzadki', 42.50, 'Skin dla gry Counter-Strike 2'),
(17, 'Golden Sentinel XR', 4, 'pospolity', 4.80, 'Skin dla gry Apex Legends'),
(18, 'Silent Dread MK-II', 11, 'epicki', 280.00, 'Skin dla gry Rust'),
(19, 'Prime Raven Prime', 15, 'rzadki', 29.99, 'Skin dla gry Palworld'),
(20, 'Dragon Aegis X', 7, 'legendarny', 1450.00, 'Skin dla gry League of Legends'),
(21, 'Obsidian Warden V', 13, 'pospolity', 3.50, 'Skin dla gry Escape from Tarkov'),
(22, 'Nebula Saber Ultra', 17, 'rzadki', 22.40, 'Skin dla gry Destiny 2'),
(23, 'Solar Champion 2025', 5, 'epicki', 95.25, 'Skin dla gry PUBG'),
(24, 'Phantom Hunter Classic', 12, 'rzadki', 18.90, 'Skin dla gry Team Fortress 2'),
(25, 'Vortex Lore XR', 6, 'pospolity', 1.99, 'Skin dla gry Call of Duty: Warzone'),
(26, 'Galactic Glider MK-II', 3, 'legendarny', 1625.50, 'Skin dla gry Fortnite'),
(27, 'Spectral Phaser Edition', 9, 'rzadki', 44.80, 'Skin dla gry Overwatch 2'),
(28, 'Radiant Rift X', 8, 'epicki', 210.00, 'Skin dla gry Dota 2'),
(29, 'Frost Wing V', 14, 'pospolity', 2.75, 'Skin dla gry Battlefield V'),
(30, 'Inferno Striker Prime', 10, 'rzadki', 31.50, 'Skin dla gry Rainbow Six Siege'),
(31, 'Eternal Reaper Ultra', 16, 'epicki', 188.00, 'Skin dla gry The Finals'),
(32, 'Lucid Pulse 2025', 18, 'legendarny', 1100.20, 'Skin dla gry Warframe'),
(33, 'Mythic Engineer Classic', 20, 'pospolity', 0.90, 'Skin dla gry Minecraft'),
(34, 'Shadow Vandal XR', 19, 'rzadki', 35.00, 'Skin dla gry GTA Online'),
(35, 'Crimson Hunter Edition', 1, 'epicki', 140.20, 'Skin dla gry Counter-Strike 2'),
(36, 'Azure Lore V', 7, 'rzadki', 25.60, 'Skin dla gry League of Legends'),
(37, 'Golden Glider Prime', 3, 'legendarny', 1750.00, 'Skin dla gry Fortnite'),
(38, 'Silent Phaser MK-II', 6, 'rzadki', 28.90, 'Skin dla gry Call of Duty: Warzone'),
(39, 'Prime Rift Ultra', 8, 'pospolity', 4.10, 'Skin dla gry Dota 2'),
(40, 'Dragon Wing Classic', 14, 'rzadki', 21.80, 'Skin dla gry Battlefield V'),
(41, 'Obsidian Striker 2025', 5, 'epicki', 115.50, 'Skin dla gry PUBG'),
(42, 'Nebula Reaper XR', 17, 'legendarny', 1300.00, 'Skin dla gry Destiny 2'),
(43, 'Solar Pulse V', 18, 'rzadki', 38.70, 'Skin dla gry Warframe'),
(44, 'Phantom Engineer Edition', 20, 'epicki', 75.00, 'Skin dla gry Minecraft'),
(45, 'Vortex Sentinel Classic', 4, 'rzadki', 15.20, 'Skin dla gry Apex Legends'),
(46, 'Galactic Raven X', 15, 'pospolity', 1.80, 'Skin dla gry Palworld'),
(47, 'Spectral Saber Prime', 12, 'epicki', 195.00, 'Skin dla gry Team Fortress 2'),
(48, 'Radiant Dread MK-II', 11, 'legendarny', 950.60, 'Skin dla gry Rust'),
(49, 'Frost Aegis Ultra', 13, 'rzadki', 49.90, 'Skin dla gry Escape from Tarkov'),
(50, 'Inferno Warden 2025', 10, 'pospolity', 2.50, 'Skin dla gry Rainbow Six Siege'),
(51, 'Eternal Prowler V', 1, 'epicki', 240.00, 'Skin dla gry Counter-Strike 2'),
(52, 'Lucid Champion XR', 9, 'rzadki', 26.30, 'Skin dla gry Overwatch 2'),
(53, 'Mythic Blade Prime', 2, 'legendarny', 2000.00, 'Skin dla gry Valorant'),
(54, 'Shadow Striker Edition', 16, 'rzadki', 41.20, 'Skin dla gry The Finals'),
(55, 'Crimson Blade V', 2, 'legendarny', 1890.75, 'Skin dla gry Valorant'),
(56, 'Azure Prowler Edition', 1, 'rzadki', 42.50, 'Skin dla gry Counter-Strike 2'),
(57, 'Golden Sentinel XR', 4, 'pospolity', 4.80, 'Skin dla gry Apex Legends'),
(58, 'Silent Dread MK-II', 11, 'epicki', 280.00, 'Skin dla gry Rust'),
(59, 'Prime Raven Prime', 15, 'rzadki', 29.99, 'Skin dla gry Palworld'),
(60, 'Dragon Aegis X', 7, 'legendarny', 1450.00, 'Skin dla gry League of Legends'),
(61, 'Obsidian Warden V', 13, 'pospolity', 3.50, 'Skin dla gry Escape from Tarkov'),
(62, 'Nebula Saber Ultra', 17, 'rzadki', 22.40, 'Skin dla gry Destiny 2'),
(63, 'Solar Champion 2025', 5, 'epicki', 95.25, 'Skin dla gry PUBG'),
(64, 'Phantom Hunter Classic', 12, 'rzadki', 18.90, 'Skin dla gry Team Fortress 2'),
(65, 'Vortex Lore XR', 6, 'pospolity', 1.99, 'Skin dla gry Call of Duty: Warzone'),
(66, 'Galactic Glider MK-II', 3, 'legendarny', 1625.50, 'Skin dla gry Fortnite'),
(67, 'Spectral Phaser Edition', 9, 'rzadki', 44.80, 'Skin dla gry Overwatch 2'),
(68, 'Radiant Rift X', 8, 'epicki', 210.00, 'Skin dla gry Dota 2'),
(69, 'Frost Wing V', 14, 'pospolity', 2.75, 'Skin dla gry Battlefield V'),
(70, 'Inferno Striker Prime', 10, 'rzadki', 31.50, 'Skin dla gry Rainbow Six Siege'),
(71, 'Eternal Reaper Ultra', 16, 'epicki', 188.00, 'Skin dla gry The Finals'),
(72, 'Lucid Pulse 2025', 18, 'legendarny', 1100.20, 'Skin dla gry Warframe'),
(73, 'Mythic Engineer Classic', 20, 'pospolity', 0.90, 'Skin dla gry Minecraft'),
(74, 'Shadow Vandal XR', 19, 'rzadki', 35.00, 'Skin dla gry GTA Online'),
(75, 'Crimson Hunter Edition', 1, 'epicki', 140.20, 'Skin dla gry Counter-Strike 2'),
(76, 'Azure Lore V', 7, 'rzadki', 25.60, 'Skin dla gry League of Legends'),
(77, 'Golden Glider Prime', 3, 'legendarny', 1750.00, 'Skin dla gry Fortnite'),
(78, 'Silent Phaser MK-II', 6, 'rzadki', 28.90, 'Skin dla gry Call of Duty: Warzone'),
(79, 'Prime Rift Ultra', 8, 'pospolity', 4.10, 'Skin dla gry Dota 2'),
(80, 'Dragon Wing Classic', 14, 'rzadki', 21.80, 'Skin dla gry Battlefield V'),
(81, 'Obsidian Striker 2025', 5, 'epicki', 115.50, 'Skin dla gry PUBG'),
(82, 'Nebula Reaper XR', 17, 'legendarny', 1300.00, 'Skin dla gry Destiny 2'),
(83, 'Solar Pulse V', 18, 'rzadki', 38.70, 'Skin dla gry Warframe'),
(84, 'Phantom Engineer Edition', 20, 'epicki', 75.00, 'Skin dla gry Minecraft'),
(85, 'Vortex Sentinel Classic', 4, 'rzadki', 15.20, 'Skin dla gry Apex Legends'),
(86, 'Galactic Raven X', 15, 'pospolity', 1.80, 'Skin dla gry Palworld'),
(87, 'Spectral Saber Prime', 12, 'epicki', 195.00, 'Skin dla gry Team Fortress 2'),
(88, 'Radiant Dread MK-II', 11, 'legendarny', 950.60, 'Skin dla gry Rust'),
(89, 'Frost Aegis Ultra', 13, 'rzadki', 49.90, 'Skin dla gry Escape from Tarkov'),
(90, 'Inferno Warden 2025', 10, 'pospolity', 2.50, 'Skin dla gry Rainbow Six Siege'),
(91, 'Eternal Prowler V', 1, 'epicki', 240.00, 'Skin dla gry Counter-Strike 2'),
(92, 'Lucid Champion XR', 9, 'rzadki', 26.30, 'Skin dla gry Overwatch 2'),
(93, 'Mythic Blade Prime', 2, 'legendarny', 2000.00, 'Skin dla gry Valorant'),
(94, 'Shadow Striker Edition', 16, 'rzadki', 41.20, 'Skin dla gry The Finals'),
(95, 'Crimson Blade V', 2, 'legendarny', 1890.75, 'Skin dla gry Valorant'),
(96, 'Azure Prowler Edition', 1, 'rzadki', 42.50, 'Skin dla gry Counter-Strike 2'),
(97, 'Golden Sentinel XR', 4, 'pospolity', 4.80, 'Skin dla gry Apex Legends'),
(98, 'Silent Dread MK-II', 11, 'epicki', 280.00, 'Skin dla gry Rust'),
(99, 'Prime Raven Prime', 15, 'rzadki', 29.99, 'Skin dla gry Palworld'),
(100, 'Dragon Aegis X', 7, 'legendarny', 1450.00, 'Skin dla gry League of Legends'),
(101, 'Obsidian Warden V', 13, 'pospolity', 3.50, 'Skin dla gry Escape from Tarkov'),
(102, 'Nebula Saber Ultra', 17, 'rzadki', 22.40, 'Skin dla gry Destiny 2'),
(103, 'Solar Champion 2025', 5, 'epicki', 95.25, 'Skin dla gry PUBG'),
(104, 'Phantom Hunter Classic', 12, 'rzadki', 18.90, 'Skin dla gry Team Fortress 2'),
(105, 'Vortex Lore XR', 6, 'pospolity', 1.99, 'Skin dla gry Call of Duty: Warzone'),
(106, 'Galactic Glider MK-II', 3, 'legendarny', 1625.50, 'Skin dla gry Fortnite'),
(107, 'Spectral Phaser Edition', 9, 'rzadki', 44.80, 'Skin dla gry Overwatch 2'),
(108, 'Radiant Rift X', 8, 'epicki', 210.00, 'Skin dla gry Dota 2'),
(109, 'Frost Wing V', 14, 'pospolity', 2.75, 'Skin dla gry Battlefield V'),
(110, 'Inferno Striker Prime', 10, 'rzadki', 31.50, 'Skin dla gry Rainbow Six Siege'),
(111, 'Eternal Reaper Ultra', 16, 'epicki', 188.00, 'Skin dla gry The Finals'),
(112, 'Lucid Pulse 2025', 18, 'legendarny', 1100.20, 'Skin dla gry Warframe'),
(113, 'Mythic Engineer Classic', 20, 'pospolity', 0.90, 'Skin dla gry Minecraft'),
(114, 'Shadow Vandal XR', 19, 'rzadki', 35.00, 'Skin dla gry GTA Online'),
(115, 'Crimson Hunter Edition', 1, 'epicki', 140.20, 'Skin dla gry Counter-Strike 2'),
(116, 'Azure Lore V', 7, 'rzadki', 25.60, 'Skin dla gry League of Legends'),
(117, 'Golden Glider Prime', 3, 'legendarny', 1750.00, 'Skin dla gry Fortnite'),
(118, 'Silent Phaser MK-II', 6, 'rzadki', 28.90, 'Skin dla gry Call of Duty: Warzone'),
(119, 'Prime Rift Ultra', 8, 'pospolity', 4.10, 'Skin dla gry Dota 2'),
(120, 'Dragon Wing Classic', 14, 'rzadki', 21.80, 'Skin dla gry Battlefield V'),
(121, 'Obsidian Striker 2025', 5, 'epicki', 115.50, 'Skin dla gry PUBG'),
(122, 'Nebula Reaper XR', 17, 'legendarny', 1300.00, 'Skin dla gry Destiny 2'),
(123, 'Solar Pulse V', 18, 'rzadki', 38.70, 'Skin dla gry Warframe'),
(124, 'Phantom Engineer Edition', 20, 'epicki', 75.00, 'Skin dla gry Minecraft'),
(125, 'Vortex Sentinel Classic', 4, 'rzadki', 15.20, 'Skin dla gry Apex Legends'),
(126, 'Galactic Raven X', 15, 'pospolity', 1.80, 'Skin dla gry Palworld'),
(127, 'Spectral Saber Prime', 12, 'epicki', 195.00, 'Skin dla gry Team Fortress 2'),
(128, 'Radiant Dread MK-II', 11, 'legendarny', 950.60, 'Skin dla gry Rust'),
(129, 'Frost Aegis Ultra', 13, 'rzadki', 49.90, 'Skin dla gry Escape from Tarkov'),
(130, 'Inferno Warden 2025', 10, 'pospolity', 2.50, 'Skin dla gry Rainbow Six Siege'),
(131, 'Eternal Prowler V', 1, 'epicki', 240.00, 'Skin dla gry Counter-Strike 2'),
(132, 'Lucid Champion XR', 9, 'rzadki', 26.30, 'Skin dla gry Overwatch 2'),
(133, 'Mythic Blade Prime', 2, 'legendarny', 2000.00, 'Skin dla gry Valorant'),
(134, 'Shadow Striker Edition', 16, 'rzadki', 41.20, 'Skin dla gry The Finals'),
(135, 'Crimson Blade V', 2, 'legendarny', 1890.75, 'Skin dla gry Valorant'),
(136, 'Azure Prowler Edition', 1, 'rzadki', 42.50, 'Skin dla gry Counter-Strike 2'),
(137, 'Golden Sentinel XR', 4, 'pospolity', 4.80, 'Skin dla gry Apex Legends'),
(138, 'Silent Dread MK-II', 11, 'epicki', 280.00, 'Skin dla gry Rust'),
(139, 'Prime Raven Prime', 15, 'rzadki', 29.99, 'Skin dla gry Palworld'),
(140, 'Dragon Aegis X', 7, 'legendarny', 1450.00, 'Skin dla gry League of Legends'),
(141, 'Obsidian Warden V', 13, 'pospolity', 3.50, 'Skin dla gry Escape from Tarkov'),
(142, 'Nebula Saber Ultra', 17, 'rzadki', 22.40, 'Skin dla gry Destiny 2'),
(143, 'Solar Champion 2025', 5, 'epicki', 95.25, 'Skin dla gry PUBG'),
(144, 'Phantom Hunter Classic', 12, 'rzadki', 18.90, 'Skin dla gry Team Fortress 2'),
(145, 'Vortex Lore XR', 6, 'pospolity', 1.99, 'Skin dla gry Call of Duty: Warzone'),
(146, 'Galactic Glider MK-II', 3, 'legendarny', 1625.50, 'Skin dla gry Fortnite'),
(147, 'Spectral Phaser Edition', 9, 'rzadki', 44.80, 'Skin dla gry Overwatch 2'),
(148, 'Radiant Rift X', 8, 'epicki', 210.00, 'Skin dla gry Dota 2'),
(149, 'Frost Wing V', 14, 'pospolity', 2.75, 'Skin dla gry Battlefield V'),
(150, 'Inferno Striker Prime', 10, 'rzadki', 31.50, 'Skin dla gry Rainbow Six Siege'),
(151, 'Eternal Reaper Ultra', 16, 'epicki', 188.00, 'Skin dla gry The Finals'),
(152, 'Lucid Pulse 2025', 18, 'legendarny', 1100.20, 'Skin dla gry Warframe'),
(153, 'Mythic Engineer Classic', 20, 'pospolity', 0.90, 'Skin dla gry Minecraft'),
(154, 'Shadow Vandal XR', 19, 'rzadki', 35.00, 'Skin dla gry GTA Online'),
(155, 'Crimson Hunter Edition', 1, 'epicki', 140.20, 'Skin dla gry Counter-Strike 2'),
(156, 'Azure Lore V', 7, 'rzadki', 25.60, 'Skin dla gry League of Legends'),
(157, 'Golden Glider Prime', 3, 'legendarny', 1750.00, 'Skin dla gry Fortnite'),
(158, 'Silent Phaser MK-II', 6, 'rzadki', 28.90, 'Skin dla gry Call of Duty: Warzone'),
(159, 'Prime Rift Ultra', 8, 'pospolity', 4.10, 'Skin dla gry Dota 2'),
(160, 'Dragon Wing Classic', 14, 'rzadki', 21.80, 'Skin dla gry Battlefield V'),
(161, 'Obsidian Striker 2025', 5, 'epicki', 115.50, 'Skin dla gry PUBG'),
(162, 'Nebula Reaper XR', 17, 'legendarny', 1300.00, 'Skin dla gry Destiny 2'),
(163, 'Solar Pulse V', 18, 'rzadki', 38.70, 'Skin dla gry Warframe'),
(164, 'Phantom Engineer Edition', 20, 'epicki', 75.00, 'Skin dla gry Minecraft'),
(165, 'Vortex Sentinel Classic', 4, 'rzadki', 15.20, 'Skin dla gry Apex Legends'),
(166, 'Galactic Raven X', 15, 'pospolity', 1.80, 'Skin dla gry Palworld'),
(167, 'Spectral Saber Prime', 12, 'epicki', 195.00, 'Skin dla gry Team Fortress 2'),
(168, 'Radiant Dread MK-II', 11, 'legendarny', 950.60, 'Skin dla gry Rust'),
(169, 'Frost Aegis Ultra', 13, 'rzadki', 49.90, 'Skin dla gry Escape from Tarkov'),
(170, 'Inferno Warden 2025', 10, 'pospolity', 2.50, 'Skin dla gry Rainbow Six Siege'),
(171, 'Eternal Prowler V', 1, 'epicki', 240.00, 'Skin dla gry Counter-Strike 2'),
(172, 'Lucid Champion XR', 9, 'rzadki', 26.30, 'Skin dla gry Overwatch 2'),
(173, 'Mythic Blade Prime', 2, 'legendarny', 2000.00, 'Skin dla gry Valorant'),
(174, 'Shadow Striker Edition', 16, 'rzadki', 41.20, 'Skin dla gry The Finals'),
(175, 'Galactic Blade XR', 3, 'legendarny', 1982.55, 'Skin dla gry Fortnite'),
(176, 'Frost Prowler V', 1, 'rzadki', 31.88, 'Skin dla gry Counter-Strike 2'),
(177, 'Shadow Hunter 2025', 10, 'epicki', 245.10, 'Skin dla gry Rainbow Six Siege'),
(178, 'Radiant Sentinel Classic', 4, 'pospolity', 3.19, 'Skin dla gry Apex Legends'),
(179, 'Mythic Vandal Prime', 2, 'legendarny', 1650.00, 'Skin dla gry Valorant'),
(180, 'Obsidian Reaper V', 8, 'rzadki', 11.45, 'Skin dla gry Dota 2'),
(181, 'Inferno Lore Ultra', 6, 'epicki', 78.90, 'Skin dla gry Call of Duty: Warzone'),
(182, 'Vortex Engineer Classic', 20, 'pospolity', 0.89, 'Skin dla gry Minecraft'),
(183, 'Lucid Aegis MK-II', 13, 'legendarny', 1120.40, 'Skin dla gry Escape from Tarkov'),
(184, 'Eternal Glider Edition', 16, 'rzadki', 26.70, 'Skin dla gry The Finals'),
(185, 'Crimson Warden Prime', 7, 'epicki', 299.00, 'Skin dla gry League of Legends'),
(186, 'Azure Dread X', 11, 'pospolity', 1.55, 'Skin dla gry Rust'),
(187, 'Golden Phaser V', 9, 'rzadki', 48.20, 'Skin dla gry Overwatch 2'),
(188, 'Silent Saber Ultra', 12, 'legendarny', 850.00, 'Skin dla gry Team Fortress 2'),
(189, 'Prime Striker 2025', 5, 'epicki', 152.60, 'Skin dla gry PUBG'),
(190, 'Dragon Wing XR', 14, 'pospolity', 2.99, 'Skin dla gry Battlefield V'),
(191, 'Nebula Champion Classic', 17, 'rzadki', 41.00, 'Skin dla gry Destiny 2'),
(192, 'Solar Raven Edition', 15, 'legendarny', 990.15, 'Skin dla gry Palworld'),
(193, 'Phantom Pulse V', 18, 'epicki', 180.75, 'Skin dla gry Warframe'),
(194, 'Spectral Rift Prime', 19, 'pospolity', 4.50, 'Skin dla gry GTA Online'),
(195, 'Frost Blade Classic', 1, 'epicki', 215.30, 'Skin dla gry Counter-Strike 2'),
(196, 'Galactic Vandal Edition', 2, 'rzadki', 49.99, 'Skin dla gry Valorant'),
(197, 'Radiant Glider Ultra', 3, 'pospolity', 2.10, 'Skin dla gry Fortnite'),
(198, 'Shadow Sentinel MK-II', 4, 'legendarny', 1430.80, 'Skin dla gry Apex Legends'),
(199, 'Mythic Prowler X', 5, 'rzadki', 28.65, 'Skin dla gry PUBG'),
(200, 'Obsidian Hunter V', 6, 'epicki', 95.20, 'Skin dla gry Call of Duty: Warzone'),
(201, 'Inferno Reaper XR', 7, 'pospolity', 4.90, 'Skin dla gry League of Legends'),
(202, 'Vortex Lore 2025', 8, 'legendarny', 1050.00, 'Skin dla gry Dota 2'),
(203, 'Lucid Engineer Prime', 9, 'rzadki', 19.95, 'Skin dla gry Overwatch 2'),
(204, 'Eternal Aegis Classic', 10, 'epicki', 121.00, 'Skin dla gry Rainbow Six Siege'),
(205, 'Crimson Warden Edition', 11, 'pospolity', 3.75, 'Skin dla gry Rust'),
(206, 'Azure Dread Ultra', 12, 'legendarny', 780.50, 'Skin dla gry Team Fortress 2'),
(207, 'Golden Phaser X', 13, 'rzadki', 33.33, 'Skin dla gry Escape from Tarkov'),
(208, 'Silent Saber MK-II', 14, 'epicki', 260.00, 'Skin dla gry Battlefield V'),
(209, 'Prime Striker V', 15, 'pospolity', 1.25, 'Skin dla gry Palworld'),
(210, 'Dragon Wing Prime', 16, 'legendarny', 1155.00, 'Skin dla gry The Finals'),
(211, 'Nebula Champion XR', 17, 'rzadki', 46.80, 'Skin dla gry Destiny 2'),
(212, 'Solar Raven Classic', 18, 'epicki', 99.99, 'Skin dla gry Warframe'),
(213, 'Phantom Pulse Edition', 19, 'pospolity', 4.20, 'Skin dla gry GTA Online'),
(214, 'Spectral Rift 2025', 20, 'legendarny', 650.00, 'Skin dla gry Minecraft'),
(215, 'Galactic Blade XR', 3, 'legendarny', 1982.55, 'Skin dla gry Fortnite'),
(216, 'Frost Prowler V', 1, 'rzadki', 31.88, 'Skin dla gry Counter-Strike 2'),
(217, 'Shadow Hunter 2025', 10, 'epicki', 245.10, 'Skin dla gry Rainbow Six Siege'),
(218, 'Radiant Sentinel Classic', 4, 'pospolity', 3.19, 'Skin dla gry Apex Legends'),
(219, 'Mythic Vandal Prime', 2, 'legendarny', 1650.00, 'Skin dla gry Valorant'),
(220, 'Obsidian Reaper V', 8, 'rzadki', 11.45, 'Skin dla gry Dota 2'),
(221, 'Inferno Lore Ultra', 6, 'epicki', 78.90, 'Skin dla gry Call of Duty: Warzone'),
(222, 'Vortex Engineer Classic', 20, 'pospolity', 0.89, 'Skin dla gry Minecraft'),
(223, 'Lucid Aegis MK-II', 13, 'legendarny', 1120.40, 'Skin dla gry Escape from Tarkov'),
(224, 'Eternal Glider Edition', 16, 'rzadki', 26.70, 'Skin dla gry The Finals'),
(225, 'Crimson Warden Prime', 7, 'epicki', 299.00, 'Skin dla gry League of Legends'),
(226, 'Azure Dread X', 11, 'pospolity', 1.55, 'Skin dla gry Rust'),
(227, 'Golden Phaser V', 9, 'rzadki', 48.20, 'Skin dla gry Overwatch 2'),
(228, 'Silent Saber Ultra', 12, 'legendarny', 850.00, 'Skin dla gry Team Fortress 2'),
(229, 'Prime Striker 2025', 5, 'epicki', 152.60, 'Skin dla gry PUBG'),
(230, 'Dragon Wing XR', 14, 'pospolity', 2.99, 'Skin dla gry Battlefield V'),
(231, 'Nebula Champion Classic', 17, 'rzadki', 41.00, 'Skin dla gry Destiny 2'),
(232, 'Solar Raven Edition', 15, 'legendarny', 990.15, 'Skin dla gry Palworld'),
(233, 'Phantom Pulse V', 18, 'epicki', 180.75, 'Skin dla gry Warframe'),
(234, 'Spectral Rift Prime', 19, 'pospolity', 4.50, 'Skin dla gry GTA Online'),
(235, 'Frost Blade Classic', 1, 'epicki', 215.30, 'Skin dla gry Counter-Strike 2'),
(236, 'Galactic Vandal Edition', 2, 'rzadki', 49.99, 'Skin dla gry Valorant'),
(237, 'Radiant Glider Ultra', 3, 'pospolity', 2.10, 'Skin dla gry Fortnite'),
(238, 'Shadow Sentinel MK-II', 4, 'legendarny', 1430.80, 'Skin dla gry Apex Legends'),
(239, 'Mythic Prowler X', 5, 'rzadki', 28.65, 'Skin dla gry PUBG'),
(240, 'Obsidian Hunter V', 6, 'epicki', 95.20, 'Skin dla gry Call of Duty: Warzone'),
(241, 'Inferno Reaper XR', 7, 'pospolity', 4.90, 'Skin dla gry League of Legends'),
(242, 'Vortex Lore 2025', 8, 'legendarny', 1050.00, 'Skin dla gry Dota 2'),
(243, 'Lucid Engineer Prime', 9, 'rzadki', 19.95, 'Skin dla gry Overwatch 2'),
(244, 'Eternal Aegis Classic', 10, 'epicki', 121.00, 'Skin dla gry Rainbow Six Siege'),
(245, 'Crimson Warden Edition', 11, 'pospolity', 3.75, 'Skin dla gry Rust'),
(246, 'Azure Dread Ultra', 12, 'legendarny', 780.50, 'Skin dla gry Team Fortress 2'),
(247, 'Golden Phaser X', 13, 'rzadki', 33.33, 'Skin dla gry Escape from Tarkov'),
(248, 'Silent Saber MK-II', 14, 'epicki', 260.00, 'Skin dla gry Battlefield V'),
(249, 'Prime Striker V', 15, 'pospolity', 1.25, 'Skin dla gry Palworld'),
(250, 'Dragon Wing Prime', 16, 'legendarny', 1155.00, 'Skin dla gry The Finals'),
(251, 'Nebula Champion XR', 17, 'rzadki', 46.80, 'Skin dla gry Destiny 2'),
(252, 'Solar Raven Classic', 18, 'epicki', 99.99, 'Skin dla gry Warframe'),
(253, 'Phantom Pulse Edition', 19, 'pospolity', 4.20, 'Skin dla gry GTA Online'),
(254, 'Spectral Rift 2025', 20, 'legendarny', 650.00, 'Skin dla gry Minecraft'),
(255, 'Quantum Ghost', 16, 'legendarny', 1845.50, 'Skin dla gry The Finals'),
(256, 'Arctic Prowler', 14, 'rzadki', 33.80, 'Skin dla gry Battlefield V'),
(257, 'Helios Vandal', 2, 'epicki', 290.00, 'Skin dla gry Valorant'),
(258, 'Rusty Blade', 11, 'pospolity', 0.95, 'Skin dla gry Rust'),
(259, 'Chrome Sentinel', 4, 'rzadki', 16.50, 'Skin dla gry Apex Legends'),
(260, 'Dragonfire Lore', 7, 'legendarny', 1999.99, 'Skin dla gry League of Legends'),
(261, 'Woodland Hunter', 5, 'pospolity', 2.15, 'Skin dla gry PUBG'),
(262, 'Void Reaper', 17, 'epicki', 212.75, 'Skin dla gry Destiny 2'),
(263, 'Pixelated Glider', 3, 'rzadki', 41.25, 'Skin dla gry Fortnite'),
(264, 'Icarus Wing', 15, 'legendarny', 1320.00, 'Skin dla gry Palworld'),
(265, 'Sandstorm Striker', 10, 'rzadki', 29.95, 'Skin dla gry Rainbow Six Siege'),
(266, 'Toxic Engineer', 20, 'epicki', 88.00, 'Skin dla gry Minecraft'),
(267, 'Avalanche Dread', 1, 'legendarny', 1750.00, 'Skin dla gry Counter-Strike 2'),
(268, 'Gilded Aegis', 13, 'epicki', 355.50, 'Skin dla gry Escape from Tarkov'),
(269, 'Bubblegum Phaser', 9, 'rzadki', 49.90, 'Skin dla gry Overwatch 2'),
(270, 'Ashen Warden', 8, 'pospolity', 1.80, 'Skin dla gry Dota 2'),
(271, 'Volcanic Saber', 6, 'rzadki', 38.40, 'Skin dla gry Call of Duty: Warzone'),
(272, 'Crystallized Pulse', 18, 'epicki', 195.00, 'Skin dla gry Warframe'),
(273, 'Ectoplasm Rift', 19, 'pospolity', 4.99, 'Skin dla gry GTA Online'),
(274, 'Guerilla Champion', 12, 'rzadki', 18.20, 'Skin dla gry Team Fortress 2'),
(275, 'Hyperlight Blade', 16, 'epicki', 170.00, 'Skin dla gry The Finals'),
(276, 'Coral Prowler', 14, 'pospolity', 3.20, 'Skin dla gry Battlefield V'),
(277, 'Solaris Vandal', 2, 'legendarny', 1890.10, 'Skin dla gry Valorant'),
(278, 'Scrapmetal Blade', 11, 'rzadki', 12.00, 'Skin dla gry Rust'),
(279, 'Platinum Sentinel', 4, 'epicki', 110.60, 'Skin dla gry Apex Legends'),
(280, 'Tiamat Lore', 7, 'legendarny', 1955.80, 'Skin dla gry League of Legends'),
(281, 'Tundra Hunter', 5, 'pospolity', 1.75, 'Skin dla gry PUBG'),
(282, 'Starlight Reaper', 17, 'rzadki', 39.50, 'Skin dla gry Destiny 2'),
(283, '8-Bit Glider', 3, 'epicki', 95.00, 'Skin dla gry Fortnite'),
(284, 'Phoenix Wing', 15, 'rzadki', 28.30, 'Skin dla gry Palworld'),
(285, 'Urban Striker', 10, 'pospolity', 2.90, 'Skin dla gry Rainbow Six Siege'),
(286, 'Biohazard Engineer', 20, 'rzadki', 15.00, 'Skin dla gry Minecraft'),
(287, 'Frostburn Dread', 1, 'legendarny', 1680.90, 'Skin dla gry Counter-Strike 2'),
(288, 'Damascus Aegis', 13, 'rzadki', 45.80, 'Skin dla gry Escape from Tarkov'),
(289, 'Cottoncandy Phaser', 9, 'epicki', 130.00, 'Skin dla gry Overwatch 2'),
(290, 'Petrified Warden', 8, 'rzadki', 9.60, 'Skin dla gry Dota 2'),
(291, 'Magma Saber', 6, 'epicki', 155.25, 'Skin dla gry Call of Duty: Warzone'),
(292, 'Quicksilver Pulse', 18, 'legendarny', 1400.00, 'Skin dla gry Warframe'),
(293, 'Oil-Slick Rift', 19, 'rzadki', 22.10, 'Skin dla gry GTA Online'),
(294, 'Headhunter Champion', 12, 'pospolity', 4.30, 'Skin dla gry Team Fortress 2'),
(295, 'Quantum Ghost', 16, 'legendarny', 1845.50, 'Skin dla gry The Finals'),
(296, 'Arctic Prowler', 14, 'rzadki', 33.80, 'Skin dla gry Battlefield V'),
(297, 'Helios Vandal', 2, 'epicki', 290.00, 'Skin dla gry Valorant'),
(298, 'Rusty Blade', 11, 'pospolity', 0.95, 'Skin dla gry Rust'),
(299, 'Chrome Sentinel', 4, 'rzadki', 16.50, 'Skin dla gry Apex Legends'),
(300, 'Dragonfire Lore', 7, 'legendarny', 1999.99, 'Skin dla gry League of Legends'),
(301, 'Woodland Hunter', 5, 'pospolity', 2.15, 'Skin dla gry PUBG'),
(302, 'Void Reaper', 17, 'epicki', 212.75, 'Skin dla gry Destiny 2'),
(303, 'Pixelated Glider', 3, 'rzadki', 41.25, 'Skin dla gry Fortnite'),
(304, 'Icarus Wing', 15, 'legendarny', 1320.00, 'Skin dla gry Palworld'),
(305, 'Sandstorm Striker', 10, 'rzadki', 29.95, 'Skin dla gry Rainbow Six Siege'),
(306, 'Toxic Engineer', 20, 'epicki', 88.00, 'Skin dla gry Minecraft'),
(307, 'Avalanche Dread', 1, 'legendarny', 1750.00, 'Skin dla gry Counter-Strike 2'),
(308, 'Gilded Aegis', 13, 'epicki', 355.50, 'Skin dla gry Escape from Tarkov'),
(309, 'Bubblegum Phaser', 9, 'rzadki', 49.90, 'Skin dla gry Overwatch 2'),
(310, 'Ashen Warden', 8, 'pospolity', 1.80, 'Skin dla gry Dota 2'),
(311, 'Volcanic Saber', 6, 'rzadki', 38.40, 'Skin dla gry Call of Duty: Warzone'),
(312, 'Crystallized Pulse', 18, 'epicki', 195.00, 'Skin dla gry Warframe'),
(313, 'Ectoplasm Rift', 19, 'pospolity', 4.99, 'Skin dla gry GTA Online'),
(314, 'Guerilla Champion', 12, 'rzadki', 18.20, 'Skin dla gry Team Fortress 2'),
(315, 'Hyperlight Blade', 16, 'epicki', 170.00, 'Skin dla gry The Finals'),
(316, 'Coral Prowler', 14, 'pospolity', 3.20, 'Skin dla gry Battlefield V'),
(317, 'Solaris Vandal', 2, 'legendarny', 1890.10, 'Skin dla gry Valorant'),
(318, 'Scrapmetal Blade', 11, 'rzadki', 12.00, 'Skin dla gry Rust'),
(319, 'Platinum Sentinel', 4, 'epicki', 110.60, 'Skin dla gry Apex Legends'),
(320, 'Tiamat Lore', 7, 'legendarny', 1955.80, 'Skin dla gry League of Legends'),
(321, 'Tundra Hunter', 5, 'pospolity', 1.75, 'Skin dla gry PUBG'),
(322, 'Starlight Reaper', 17, 'rzadki', 39.50, 'Skin dla gry Destiny 2'),
(323, '8-Bit Glider', 3, 'epicki', 95.00, 'Skin dla gry Fortnite'),
(324, 'Phoenix Wing', 15, 'rzadki', 28.30, 'Skin dla gry Palworld'),
(325, 'Urban Striker', 10, 'pospolity', 2.90, 'Skin dla gry Rainbow Six Siege'),
(326, 'Biohazard Engineer', 20, 'rzadki', 15.00, 'Skin dla gry Minecraft'),
(327, 'Frostburn Dread', 1, 'legendarny', 1680.90, 'Skin dla gry Counter-Strike 2'),
(328, 'Damascus Aegis', 13, 'rzadki', 45.80, 'Skin dla gry Escape from Tarkov'),
(329, 'Cottoncandy Phaser', 9, 'epicki', 130.00, 'Skin dla gry Overwatch 2'),
(330, 'Petrified Warden', 8, 'rzadki', 9.60, 'Skin dla gry Dota 2'),
(331, 'Magma Saber', 6, 'epicki', 155.25, 'Skin dla gry Call of Duty: Warzone'),
(332, 'Quicksilver Pulse', 18, 'legendarny', 1400.00, 'Skin dla gry Warframe'),
(333, 'Oil-Slick Rift', 19, 'rzadki', 22.10, 'Skin dla gry GTA Online'),
(334, 'Headhunter Champion', 12, 'pospolity', 4.30, 'Skin dla gry Team Fortress 2'),
(335, 'Quantum Ghost', 16, 'legendarny', 1845.50, 'Skin dla gry The Finals'),
(336, 'Arctic Prowler', 14, 'rzadki', 33.80, 'Skin dla gry Battlefield V'),
(337, 'Helios Vandal', 2, 'epicki', 290.00, 'Skin dla gry Valorant'),
(338, 'Rusty Blade', 11, 'pospolity', 0.95, 'Skin dla gry Rust'),
(339, 'Chrome Sentinel', 4, 'rzadki', 16.50, 'Skin dla gry Apex Legends'),
(340, 'Dragonfire Lore', 7, 'legendarny', 1999.99, 'Skin dla gry League of Legends'),
(341, 'Woodland Hunter', 5, 'pospolity', 2.15, 'Skin dla gry PUBG'),
(342, 'Void Reaper', 17, 'epicki', 212.75, 'Skin dla gry Destiny 2'),
(343, 'Pixelated Glider', 3, 'rzadki', 41.25, 'Skin dla gry Fortnite'),
(344, 'Icarus Wing', 15, 'legendarny', 1320.00, 'Skin dla gry Palworld'),
(345, 'Sandstorm Striker', 10, 'rzadki', 29.95, 'Skin dla gry Rainbow Six Siege'),
(346, 'Toxic Engineer', 20, 'epicki', 88.00, 'Skin dla gry Minecraft'),
(347, 'Avalanche Dread', 1, 'legendarny', 1750.00, 'Skin dla gry Counter-Strike 2'),
(348, 'Gilded Aegis', 13, 'epicki', 355.50, 'Skin dla gry Escape from Tarkov'),
(349, 'Bubblegum Phaser', 9, 'rzadki', 49.90, 'Skin dla gry Overwatch 2'),
(350, 'Ashen Warden', 8, 'pospolity', 1.80, 'Skin dla gry Dota 2'),
(351, 'Volcanic Saber', 6, 'rzadki', 38.40, 'Skin dla gry Call of Duty: Warzone'),
(352, 'Crystallized Pulse', 18, 'epicki', 195.00, 'Skin dla gry Warframe'),
(353, 'Ectoplasm Rift', 19, 'pospolity', 4.99, 'Skin dla gry GTA Online'),
(354, 'Guerilla Champion', 12, 'rzadki', 18.20, 'Skin dla gry Team Fortress 2'),
(355, 'Hyperlight Blade', 16, 'epicki', 170.00, 'Skin dla gry The Finals'),
(356, 'Coral Prowler', 14, 'pospolity', 3.20, 'Skin dla gry Battlefield V'),
(357, 'Solaris Vandal', 2, 'legendarny', 1890.10, 'Skin dla gry Valorant'),
(358, 'Scrapmetal Blade', 11, 'rzadki', 12.00, 'Skin dla gry Rust'),
(359, 'Platinum Sentinel', 4, 'epicki', 110.60, 'Skin dla gry Apex Legends'),
(360, 'Tiamat Lore', 7, 'legendarny', 1955.80, 'Skin dla gry League of Legends'),
(361, 'Tundra Hunter', 5, 'pospolity', 1.75, 'Skin dla gry PUBG'),
(362, 'Starlight Reaper', 17, 'rzadki', 39.50, 'Skin dla gry Destiny 2'),
(363, '8-Bit Glider', 3, 'epicki', 95.00, 'Skin dla gry Fortnite'),
(364, 'Phoenix Wing', 15, 'rzadki', 28.30, 'Skin dla gry Palworld'),
(365, 'Urban Striker', 10, 'pospolity', 2.90, 'Skin dla gry Rainbow Six Siege'),
(366, 'Biohazard Engineer', 20, 'rzadki', 15.00, 'Skin dla gry Minecraft'),
(367, 'Frostburn Dread', 1, 'legendarny', 1680.90, 'Skin dla gry Counter-Strike 2'),
(368, 'Damascus Aegis', 13, 'rzadki', 45.80, 'Skin dla gry Escape from Tarkov'),
(369, 'Cottoncandy Phaser', 9, 'epicki', 130.00, 'Skin dla gry Overwatch 2'),
(370, 'Petrified Warden', 8, 'rzadki', 9.60, 'Skin dla gry Dota 2'),
(371, 'Magma Saber', 6, 'epicki', 155.25, 'Skin dla gry Call of Duty: Warzone'),
(372, 'Quicksilver Pulse', 18, 'legendarny', 1400.00, 'Skin dla gry Warframe'),
(373, 'Oil-Slick Rift', 19, 'rzadki', 22.10, 'Skin dla gry GTA Online'),
(374, 'Headhunter Champion', 12, 'pospolity', 4.30, 'Skin dla gry Team Fortress 2'),
(375, 'Inferno Lore', 16, 'pospolity', 2.10, 'Skin \'Inferno Lore\' dla gry The Finals, rzadkosc: pospolity.'),
(376, 'Frost Prowler Edition', 5, 'epicki', 142.47, 'Skin \'Frost Prowler Edition\' dla gry PUBG, rzadkosc: epicki.'),
(377, 'Crimson Wing', 10, 'pospolity', 2.62, 'Skin \'Crimson Wing\' dla gry Rainbow Six Siege, rzadkosc: pospolity.'),
(378, 'Obsidian Reaper', 15, 'pospolity', 2.69, 'Skin \'Obsidian Reaper\' dla gry Palworld, rzadkosc: pospolity.'),
(379, 'Frost Rift', 2, 'pospolity', 2.63, 'Skin \'Frost Rift\' dla gry Valorant, rzadkosc: pospolity.'),
(380, 'Phantom Sentinel', 11, 'legendarny', 1161.93, 'Skin \'Phantom Sentinel\' dla gry Rust, rzadkosc: legendarny.'),
(381, 'Mythic Pulse', 15, 'pospolity', 1.21, 'Skin \'Mythic Pulse\' dla gry Palworld, rzadkosc: pospolity.'),
(382, 'Mythic Engineer X', 8, 'pospolity', 3.24, 'Skin \'Mythic Engineer X\' dla gry Dota 2, rzadkosc: pospolity.');

-- --------------------------------------------------------

--
-- Struktura tabeli dla tabeli `skiny_w_kategoriach`
--

CREATE TABLE `skiny_w_kategoriach` (
  `id_skinu` int(11) NOT NULL,
  `id_kategorii` int(11) NOT NULL
) ENGINE=InnoDB DEFAULT CHARSET=utf8mb4 COLLATE=utf8mb4_general_ci;

--
-- Dumping data for table `skiny_w_kategoriach`
--

INSERT INTO `skiny_w_kategoriach` (`id_skinu`, `id_kategorii`) VALUES
(1, 1),
(1, 5),
(2, 2),
(3, 4),
(4, 6),
(5, 1),
(5, 4),
(6, 3),
(7, 4),
(8, 1),
(9, 5),
(10, 6),
(11, 4),
(12, 5),
(13, 2),
(14, 1),
(15, 3),
(15, 6),
(16, 2),
(17, 6),
(18, 1),
(19, 4),
(20, 6),
(21, 1),
(21, 5),
(22, 3),
(23, 5),
(24, 4),
(25, 2),
(25, 4),
(26, 6),
(27, 5),
(28, 1),
(29, 2),
(30, 4),
(31, 6),
(32, 3),
(33, 5),
(34, 1),
(35, 2),
(35, 6),
(36, 4),
(37, 1),
(38, 2),
(39, 3),
(40, 5);

-- --------------------------------------------------------

--
-- Struktura tabeli dla tabeli `transakcje`
--

CREATE TABLE `transakcje` (
  `id_transakcji` int(11) NOT NULL,
  `id_skinu` int(11) NOT NULL,
  `id_sprzedajacego` int(11) NOT NULL,
  `id_kupujacego` int(11) NOT NULL,
  `cena_transakcji` decimal(10,2) NOT NULL,
  `data_transakcji` timestamp NOT NULL DEFAULT current_timestamp()
) ENGINE=InnoDB DEFAULT CHARSET=utf8mb4 COLLATE=utf8mb4_general_ci;

--
-- Dumping data for table `transakcje`
--

INSERT INTO `transakcje` (`id_transakcji`, `id_skinu`, `id_sprzedajacego`, `id_kupujacego`, `cena_transakcji`, `data_transakcji`) VALUES
(41, 1, 2, 1, 1950.50, '2025-11-20 09:00:00'),
(42, 2, 3, 1, 40.10, '2025-11-19 14:20:10'),
(43, 3, 4, 2, 4.50, '2025-11-18 10:30:00'),
(44, 4, 5, 3, 310.00, '2025-11-17 21:05:45'),
(45, 5, 6, 4, 25.99, '2025-11-16 13:15:30'),
(46, 6, 7, 5, 1390.80, '2025-11-15 08:00:00'),
(47, 7, 8, 6, 3.90, '2025-11-14 16:45:55'),
(48, 8, 9, 7, 25.00, '2025-11-13 18:12:00'),
(49, 9, 10, 8, 105.00, '2025-11-12 22:59:59'),
(50, 10, 1, 9, 16.50, '2025-11-11 07:25:00'),
(51, 11, 2, 10, 2.10, '2025-11-10 12:00:15'),
(52, 12, 3, 1, 1700.00, '2025-11-09 15:30:00'),
(53, 13, 4, 2, 42.80, '2025-11-08 19:00:20'),
(54, 14, 5, 3, 199.90, '2025-11-07 09:10:10'),
(55, 15, 6, 4, 2.55, '2025-11-06 04:40:00'),
(56, 16, 7, 5, 33.00, '2025-11-05 13:00:00'),
(57, 17, 8, 6, 200.00, '2025-11-04 17:22:30'),
(58, 18, 9, 7, 1050.50, '2025-11-03 20:00:00'),
(59, 19, 10, 8, 0.80, '2025-11-02 08:30:00'),
(60, 20, 1, 9, 38.50, '2025-11-01 11:45:00'),
(61, 21, 2, 3, 135.00, '2025-10-31 16:55:00'),
(62, 22, 4, 5, 28.00, '2025-10-30 18:00:00'),
(63, 23, 6, 7, 1650.90, '2025-10-28 23:01:00'),
(64, 24, 8, 9, 32.00, '2025-10-28 14:30:45'),
(65, 25, 10, 1, 4.00, '2025-10-27 15:00:00'),
(66, 26, 1, 2, 19.50, '2025-10-26 21:10:15'),
(67, 27, 3, 4, 125.00, '2025-10-25 05:00:00'),
(68, 28, 5, 6, 1250.00, '2025-10-24 12:35:00'),
(69, 29, 7, 8, 35.70, '2025-10-23 09:11:11'),
(70, 30, 9, 10, 80.00, '2025-10-22 11:20:00'),
(71, 31, 1, 3, 14.00, '2025-10-21 08:50:30'),
(72, 32, 5, 7, 1.90, '2025-10-20 21:45:00'),
(73, 33, 9, 2, 210.00, '2025-10-19 12:18:00'),
(74, 34, 4, 6, 980.00, '2025-10-18 17:20:25'),
(75, 35, 8, 10, 45.90, '2025-10-17 18:00:00'),
(76, 1, 2, 1, 1950.50, '2025-11-20 09:00:00'),
(77, 2, 3, 1, 40.10, '2025-11-19 14:20:10'),
(78, 3, 4, 2, 4.50, '2025-11-18 10:30:00'),
(79, 4, 5, 3, 310.00, '2025-11-17 21:05:45'),
(80, 5, 6, 4, 25.99, '2025-11-16 13:15:30'),
(81, 6, 7, 5, 1390.80, '2025-11-15 08:00:00'),
(82, 7, 8, 6, 3.90, '2025-11-14 16:45:55'),
(83, 8, 9, 7, 25.00, '2025-11-13 18:12:00'),
(84, 9, 10, 8, 105.00, '2025-11-12 22:59:59'),
(85, 10, 1, 9, 16.50, '2025-11-11 07:25:00'),
(86, 11, 2, 10, 2.10, '2025-11-10 12:00:15'),
(87, 12, 3, 1, 1700.00, '2025-11-09 15:30:00'),
(88, 13, 4, 2, 42.80, '2025-11-08 19:00:20'),
(89, 14, 5, 3, 199.90, '2025-11-07 09:10:10'),
(90, 15, 6, 4, 2.55, '2025-11-06 04:40:00'),
(91, 16, 7, 5, 33.00, '2025-11-05 13:00:00'),
(92, 17, 8, 6, 200.00, '2025-11-04 17:22:30'),
(93, 18, 9, 7, 1050.50, '2025-11-03 20:00:00'),
(94, 19, 10, 8, 0.80, '2025-11-02 08:30:00'),
(95, 20, 1, 9, 38.50, '2025-11-01 11:45:00'),
(96, 21, 2, 3, 135.00, '2025-10-31 16:55:00'),
(97, 22, 4, 5, 28.00, '2025-10-30 18:00:00'),
(98, 23, 6, 7, 1650.90, '2025-10-28 23:01:00'),
(99, 24, 8, 9, 32.00, '2025-10-28 14:30:45'),
(100, 25, 10, 1, 4.00, '2025-10-27 15:00:00'),
(101, 26, 1, 2, 19.50, '2025-10-26 21:10:15'),
(102, 27, 3, 4, 125.00, '2025-10-25 05:00:00'),
(103, 28, 5, 6, 1250.00, '2025-10-24 12:35:00'),
(104, 29, 7, 8, 35.70, '2025-10-23 09:11:11'),
(105, 30, 9, 10, 80.00, '2025-10-22 11:20:00'),
(106, 31, 1, 3, 14.00, '2025-10-21 08:50:30'),
(107, 32, 5, 7, 1.90, '2025-10-20 21:45:00'),
(108, 33, 9, 2, 210.00, '2025-10-19 12:18:00'),
(109, 34, 4, 6, 980.00, '2025-10-18 17:20:25'),
(110, 35, 8, 10, 45.90, '2025-10-17 18:00:00'),
(111, 1, 2, 7, 2105.70, '2025-11-23 07:15:11'),
(112, 15, 6, 1, 145.88, '2025-11-22 13:05:32'),
(113, 33, 8, 4, 38.12, '2025-11-21 18:55:01'),
(114, 5, 10, 3, 1590.00, '2025-11-20 10:23:45'),
(115, 28, 1, 9, 1100.00, '2025-11-19 22:59:03'),
(116, 40, 5, 2, 725.50, '2025-11-18 08:10:00'),
(117, 2, 4, 8, 29.50, '2025-11-17 16:33:19'),
(118, 21, 9, 6, 250.00, '2025-11-16 11:00:00'),
(119, 39, 3, 5, 3.80, '2025-11-15 05:45:10'),
(120, 8, 7, 10, 0.95, '2025-11-14 20:21:21'),
(121, 11, 1, 3, 310.45, '2025-11-13 12:13:13'),
(122, 30, 9, 2, 115.33, '2025-11-12 17:00:00'),
(123, 19, 4, 7, 175.00, '2025-11-11 09:20:30'),
(124, 35, 10, 5, 1.10, '2025-11-10 14:40:00'),
(125, 4, 6, 8, 2.90, '2025-11-09 19:55:18'),
(126, 23, 3, 1, 2.50, '2025-11-08 08:00:00'),
(127, 14, 2, 9, 925.75, '2025-11-07 15:30:50'),
(128, 26, 7, 4, 88.00, '2025-11-06 21:00:00'),
(129, 38, 5, 6, 112.99, '2025-11-05 13:10:40'),
(130, 12, 8, 10, 4.20, '2025-11-04 10:00:00'),
(131, 20, 1, 2, 4.05, '2025-11-03 18:25:00'),
(132, 7, 3, 4, 65.50, '2025-11-02 06:55:00'),
(133, 25, 5, 6, 31.00, '2025-11-01 12:40:15'),
(134, 37, 7, 8, 45.18, '2025-10-31 22:10:00'),
(135, 10, 9, 10, 24.60, '2025-10-30 15:05:00'),
(136, 29, 2, 1, 18.00, '2025-10-29 19:00:00'),
(137, 13, 4, 3, 55.00, '2025-10-28 08:30:00'),
(138, 31, 6, 5, 3.50, '2025-10-27 11:20:05'),
(139, 17, 8, 7, 38.80, '2025-10-26 17:45:00'),
(140, 34, 10, 9, 285.50, '2025-10-25 19:00:30'),
(141, 6, 1, 5, 2250.75, '2025-11-20 17:33:10'),
(142, 13, 2, 8, 1699.90, '2025-08-15 10:00:45'),
(143, 26, 7, 3, 2010.15, '2025-05-01 21:11:02'),
(144, 3, 9, 4, 310.50, '2025-10-05 12:20:00'),
(145, 14, 6, 1, 340.00, '2025-09-18 08:10:10'),
(146, 25, 10, 2, 99.80, '2025-06-22 06:30:55'),
(147, 2, 5, 7, 28.55, '2025-11-02 20:05:00'),
(148, 15, 3, 9, 55.20, '2025-07-30 17:45:18'),
(149, 34, 8, 6, 41.90, '2025-04-11 14:00:00'),
(150, 4, 1, 10, 0.80, '2025-11-15 10:11:11'),
(151, 16, 2, 1, 2.20, '2025-08-28 07:25:00'),
(152, 27, 4, 3, 1.55, '2025-05-19 12:40:33'),
(153, 38, 5, 4, 1550.60, '2025-11-22 21:14:00'),
(154, 21, 7, 8, 199.99, '2025-10-10 08:10:10'),
(155, 32, 9, 1, 13.50, '2025-08-31 22:00:01'),
(156, 10, 3, 2, 1450.00, '2025-06-15 15:55:00'),
(157, 23, 1, 5, 1820.00, '2025-03-03 14:20:10'),
(158, 33, 6, 7, 1720.50, '2025-02-14 19:00:00'),
(159, 12, 8, 9, 95.00, '2025-11-08 12:00:00'),
(160, 24, 10, 1, 14.80, '2025-08-08 06:08:08'),
(161, 35, 2, 3, 125.70, '2025-05-25 10:30:00'),
(162, 1, 4, 6, 1650.00, '2025-11-19 18:19:19'),
(163, 9, 7, 5, 38.25, '2025-09-29 16:40:00'),
(164, 17, 3, 8, 44.50, '2025-07-07 05:07:07'),
(165, 5, 1, 2, 22.00, '2025-04-01 08:00:00'),
(166, 11, 6, 9, 25.55, '2025-10-31 22:59:59'),
(167, 18, 10, 4, 210.00, '2025-08-11 09:50:00'),
(168, 7, 2, 7, 2.50, '2025-06-05 12:00:30'),
(169, 19, 5, 1, 5.10, '2025-03-18 19:20:20'),
(170, 20, 8, 3, 16.90, '2025-01-20 15:55:00');

-- --------------------------------------------------------

--
-- Struktura tabeli dla tabeli `uzytkownicy`
--

CREATE TABLE `uzytkownicy` (
  `id_uzytkownika` int(11) NOT NULL,
  `login` varchar(50) NOT NULL,
  `email` varchar(100) NOT NULL,
  `data_rejestracji` date DEFAULT NULL,
  `haslo` varchar(500) NOT NULL,
  `id_Przedmiotu` int(11) NOT NULL
) ENGINE=InnoDB DEFAULT CHARSET=utf8mb4 COLLATE=utf8mb4_general_ci;

--
-- Dumping data for table `uzytkownicy`
--

INSERT INTO `uzytkownicy` (`id_uzytkownika`, `login`, `email`, `data_rejestracji`, `haslo`, `id_Przedmiotu`) VALUES
(1, 'Zero959', 'zero959@example.com', NULL, '', 0),
(2, 'Blade693', 'blade693@example.com', NULL, '', 0),
(3, 'Ghost112', 'ghost112@example.com', NULL, '', 0),
(4, 'Rift303', 'rift303@example.com', NULL, '', 0),
(5, 'Vex821', 'vex821@example.com', NULL, '', 0),
(6, 'Shadow487', 'shadow487@example.com', NULL, '', 0),
(7, 'Ace753', 'ace753@example.com', NULL, '', 0),
(8, 'Nova229', 'nova229@example.com', NULL, '', 0),
(9, 'Echo642', 'echo642@example.com', NULL, '', 0),
(10, 'Flux583', 'flux583@example.com', NULL, '', 0),
(75, 'ShadowHunter', 'shadowhunter@gmail.com', NULL, '', 0),
(76, 'CrimsonWolf', 'crimsonwolf@gmail.com', NULL, '', 0),
(77, 'AzureSpectre', 'azurespectre@gmail.com', NULL, '', 0),
(78, 'user_Ace658', 'user_ace658@example.com', NULL, '', 0),
(79, 'user_Nova829', 'user_nova829@example.com', NULL, '', 0),
(80, 'user_Ace552', 'user_ace552@example.com', NULL, '', 0),
(81, 'user_Ace642', 'user_ace642@example.com', NULL, '', 0),
(82, 'user_Blade476', 'user_blade476@example.com', NULL, '', 0),
(83, 'user_Zero608', 'user_zero608@example.com', NULL, '', 0),
(84, 'user_Nova633', 'user_nova633@example.com', NULL, '', 0),
(85, 'user_Zero762', 'user_zero762@example.com', NULL, '', 0),
(86, 'user_Shadow341', 'user_shadow341@example.com', NULL, '', 0),
(87, 'user_Zero698', 'user_zero698@example.com', NULL, '', 0);

--
-- Indeksy dla zrzutów tabel
--

--
-- Indeksy dla tabeli `gry`
--
ALTER TABLE `gry`
  ADD PRIMARY KEY (`id_gry`);

--
-- Indeksy dla tabeli `kategorie`
--
ALTER TABLE `kategorie`
  ADD PRIMARY KEY (`id_kategorii`),
  ADD UNIQUE KEY `nazwa_kategorii` (`nazwa_kategorii`);

--
-- Indeksy dla tabeli `poradniki`
--
ALTER TABLE `poradniki`
  ADD PRIMARY KEY (`id`);

--
-- Indeksy dla tabeli `posiadane_skiny`
--
ALTER TABLE `posiadane_skiny`
  ADD PRIMARY KEY (`id_relacji`),
  ADD KEY `fk_posiadane_uzytkownik` (`id_uzytkownika`),
  ADD KEY `fk_posiadane_skin` (`id_skinu`);

--
-- Indeksy dla tabeli `recenzje_skinow`
--
ALTER TABLE `recenzje_skinow`
  ADD PRIMARY KEY (`id_recenzji`),
  ADD KEY `fk_recenzje_skin` (`id_skinu`),
  ADD KEY `fk_recenzje_uzytkownik` (`id_uzytkownika`);

--
-- Indeksy dla tabeli `skiny`
--
ALTER TABLE `skiny`
  ADD PRIMARY KEY (`id_skinu`),
  ADD KEY `fk_skiny_gry` (`id_gry`);

--
-- Indeksy dla tabeli `skiny_w_kategoriach`
--
ALTER TABLE `skiny_w_kategoriach`
  ADD PRIMARY KEY (`id_skinu`,`id_kategorii`),
  ADD KEY `fk_kategorie_kategoria` (`id_kategorii`);

--
-- Indeksy dla tabeli `transakcje`
--
ALTER TABLE `transakcje`
  ADD PRIMARY KEY (`id_transakcji`),
  ADD KEY `fk_transakcje_skin` (`id_skinu`),
  ADD KEY `fk_transakcje_sprzedajacy` (`id_sprzedajacego`),
  ADD KEY `fk_transakcje_kupujacy` (`id_kupujacego`);

--
-- Indeksy dla tabeli `uzytkownicy`
--
ALTER TABLE `uzytkownicy`
  ADD PRIMARY KEY (`id_uzytkownika`),
  ADD UNIQUE KEY `login` (`login`),
  ADD UNIQUE KEY `email` (`email`);

--
-- AUTO_INCREMENT for dumped tables
--

--
-- AUTO_INCREMENT for table `gry`
--
ALTER TABLE `gry`
  MODIFY `id_gry` int(11) NOT NULL AUTO_INCREMENT, AUTO_INCREMENT=261;

--
-- AUTO_INCREMENT for table `kategorie`
--
ALTER TABLE `kategorie`
  MODIFY `id_kategorii` int(11) NOT NULL AUTO_INCREMENT, AUTO_INCREMENT=31;

--
-- AUTO_INCREMENT for table `poradniki`
--
ALTER TABLE `poradniki`
  MODIFY `id` int(11) NOT NULL AUTO_INCREMENT, AUTO_INCREMENT=2;

--
-- AUTO_INCREMENT for table `posiadane_skiny`
--
ALTER TABLE `posiadane_skiny`
  MODIFY `id_relacji` int(11) NOT NULL AUTO_INCREMENT, AUTO_INCREMENT=471;

--
-- AUTO_INCREMENT for table `recenzje_skinow`
--
ALTER TABLE `recenzje_skinow`
  MODIFY `id_recenzji` int(11) NOT NULL AUTO_INCREMENT, AUTO_INCREMENT=209;

--
-- AUTO_INCREMENT for table `skiny`
--
ALTER TABLE `skiny`
  MODIFY `id_skinu` int(11) NOT NULL AUTO_INCREMENT, AUTO_INCREMENT=383;

--
-- AUTO_INCREMENT for table `transakcje`
--
ALTER TABLE `transakcje`
  MODIFY `id_transakcji` int(11) NOT NULL AUTO_INCREMENT, AUTO_INCREMENT=171;

--
-- AUTO_INCREMENT for table `uzytkownicy`
--
ALTER TABLE `uzytkownicy`
  MODIFY `id_uzytkownika` int(11) NOT NULL AUTO_INCREMENT, AUTO_INCREMENT=88;

--
-- Constraints for dumped tables
--

--
-- Constraints for table `posiadane_skiny`
--
ALTER TABLE `posiadane_skiny`
  ADD CONSTRAINT `fk_posiadane_skin` FOREIGN KEY (`id_skinu`) REFERENCES `skiny` (`id_skinu`) ON DELETE CASCADE ON UPDATE CASCADE,
  ADD CONSTRAINT `fk_posiadane_uzytkownik` FOREIGN KEY (`id_uzytkownika`) REFERENCES `uzytkownicy` (`id_uzytkownika`) ON DELETE CASCADE ON UPDATE CASCADE,
  ADD CONSTRAINT `posiadane_skiny_ibfk_1` FOREIGN KEY (`id_uzytkownika`) REFERENCES `uzytkownicy` (`id_uzytkownika`),
  ADD CONSTRAINT `posiadane_skiny_ibfk_2` FOREIGN KEY (`id_skinu`) REFERENCES `skiny` (`id_skinu`);

--
-- Constraints for table `recenzje_skinow`
--
ALTER TABLE `recenzje_skinow`
  ADD CONSTRAINT `fk_recenzje_skin` FOREIGN KEY (`id_skinu`) REFERENCES `skiny` (`id_skinu`) ON DELETE CASCADE ON UPDATE CASCADE,
  ADD CONSTRAINT `fk_recenzje_uzytkownik` FOREIGN KEY (`id_uzytkownika`) REFERENCES `uzytkownicy` (`id_uzytkownika`) ON DELETE CASCADE ON UPDATE CASCADE,
  ADD CONSTRAINT `recenzje_skinow_ibfk_1` FOREIGN KEY (`id_skinu`) REFERENCES `skiny` (`id_skinu`),
  ADD CONSTRAINT `recenzje_skinow_ibfk_2` FOREIGN KEY (`id_uzytkownika`) REFERENCES `uzytkownicy` (`id_uzytkownika`);

--
-- Constraints for table `skiny`
--
ALTER TABLE `skiny`
  ADD CONSTRAINT `fk_skiny_gry` FOREIGN KEY (`id_gry`) REFERENCES `gry` (`id_gry`) ON DELETE CASCADE ON UPDATE CASCADE,
  ADD CONSTRAINT `skiny_ibfk_1` FOREIGN KEY (`id_gry`) REFERENCES `gry` (`id_gry`);

--
-- Constraints for table `skiny_w_kategoriach`
--
ALTER TABLE `skiny_w_kategoriach`
  ADD CONSTRAINT `fk_kategorie_kategoria` FOREIGN KEY (`id_kategorii`) REFERENCES `kategorie` (`id_kategorii`) ON DELETE CASCADE ON UPDATE CASCADE,
  ADD CONSTRAINT `fk_kategorie_skin` FOREIGN KEY (`id_skinu`) REFERENCES `skiny` (`id_skinu`) ON DELETE CASCADE ON UPDATE CASCADE,
  ADD CONSTRAINT `skiny_w_kategoriach_ibfk_1` FOREIGN KEY (`id_skinu`) REFERENCES `skiny` (`id_skinu`),
  ADD CONSTRAINT `skiny_w_kategoriach_ibfk_2` FOREIGN KEY (`id_kategorii`) REFERENCES `kategorie` (`id_kategorii`);

--
-- Constraints for table `transakcje`
--
ALTER TABLE `transakcje`
  ADD CONSTRAINT `fk_transakcje_kupujacy` FOREIGN KEY (`id_kupujacego`) REFERENCES `uzytkownicy` (`id_uzytkownika`) ON DELETE CASCADE ON UPDATE CASCADE,
  ADD CONSTRAINT `fk_transakcje_skin` FOREIGN KEY (`id_skinu`) REFERENCES `skiny` (`id_skinu`) ON DELETE CASCADE ON UPDATE CASCADE,
  ADD CONSTRAINT `fk_transakcje_sprzedajacy` FOREIGN KEY (`id_sprzedajacego`) REFERENCES `uzytkownicy` (`id_uzytkownika`) ON DELETE CASCADE ON UPDATE CASCADE,
  ADD CONSTRAINT `transakcje_ibfk_1` FOREIGN KEY (`id_skinu`) REFERENCES `skiny` (`id_skinu`),
  ADD CONSTRAINT `transakcje_ibfk_2` FOREIGN KEY (`id_sprzedajacego`) REFERENCES `uzytkownicy` (`id_uzytkownika`),
  ADD CONSTRAINT `transakcje_ibfk_3` FOREIGN KEY (`id_kupujacego`) REFERENCES `uzytkownicy` (`id_uzytkownika`);
COMMIT;

/*!40101 SET CHARACTER_SET_CLIENT=@OLD_CHARACTER_SET_CLIENT */;
/*!40101 SET CHARACTER_SET_RESULTS=@OLD_CHARACTER_SET_RESULTS */;
/*!40101 SET COLLATION_CONNECTION=@OLD_COLLATION_CONNECTION */;
